Rank,PlayerID,Name,Team,Position,Week,Opponent,RushingAttempts,RushingYards,RushingYardsPerAttempt,RushingTouchdowns,Receptions,ReceivingYards,ReceivingTouchdowns,Fumbles,FumblesLost,FantasyPoints
1,50045582,Kenneth Walker III,MST,RB,1,NW,23,264,11.5,4,0,0,0,0,0,50.4
2,50036262,Mataeo Durant,DUKE,RB,1,CHARLT,29,255,8.8,3,2,37,0,1,1,47.2
3,50036929,DeAndre Torrey,NTX,RB,1,NWST,25,244,9.8,3,1,12,0,0,0,43.6
4,50038560,Tyler Badie,MISSR,RB,1,CMICH,25,203,8.1,1,3,40,1,0,0,36.3
5,50028773,D'Vonte Price,FLINT,RB,1,LIUB,5,165,33,3,0,0,0,0,0,34.5
6,50036340,Ricky Person Jr.,NCST,RB,1,SFL,16,105,6.6,2,3,43,1,0,0,32.8
7,50018427,Charles Williams,UNLV,RB,1,EWASH,27,172,6.4,2,1,9,0,0,0,30.1
8,50048080,Zach Charbonnet,UCLA,RB,1,HAWAII,6,106,17.7,3,1,14,0,0,0,30
9,50056395,Rasheen Ali,MARSH,RB,1,NAVY,14,59,4.2,4,0,0,0,1,0,29.9
10,50057010,Bijan Robinson,TX,RB,1,LOULAF,20,103,5.2,1,4,73,1,0,0,29.6
11,50037889,Leddie Brown,WVIR,RB,1,MARY,16,69,4.3,2,4,43,1,1,1,29.2
12,50026063,Zaquandre White,SC,RB,1,EILL,12,128,10.7,1,4,39,1,0,0,28.7
13,50026762,Mohamed Ibrahim,MINNST,RB,1,OHIOST,30,163,5.4,2,0,0,0,0,0,28.3
14,50056634,Jo'quavious Marks,MSPST,RB,1,LOUTCH,12,71,5.9,2,9,27,1,0,0,27.8
15,50031158,Pierre Strong Jr.,SDKST,RB,1,COLST,13,138,10.6,2,3,8,0,0,0,26.6
16,50036640,Isaiah Bowser,UCF,RB,1,BOISE,32,170,5.3,1,4,29,0,0,0,25.9
17,50056121,Tank Bigsby,AUBRN,RB,1,AKRON,13,119,9.2,2,1,19,0,0,0,25.8
18,50057011,Tahj Brooks,TXTECH,RB,1,HOU,15,134,8.9,2,0,0,0,0,0,25.4
19,50056966,Blake Corum,MICH,RB,1,WMICH,14,111,7.9,1,2,22,1,0,0,25.3
20,50057767,Devon Achane,TXAM,RB,1,KENTST,12,124,10.3,2,0,0,0,0,0,24.4
21,50042101,Deneric Prince,TULSA,RB,1,UCDV,14,179,12.8,1,1,4,0,0,0,24.3
22,50027280,Logan Wright,GAS,RB,1,GARDWB,26,178,6.8,1,1,4,0,0,0,24.2
23,50027025,Abram Smith,BAYL,RB,1,TXST,19,118,6.2,2,1,3,0,1,1,24.1
23,50057654,Sean Tucker,SYRA,RB,1,OHIO,25,181,7.2,1,0,0,0,0,0,24.1
25,50046224,Zonovan Knight,NCST,RB,1,SFL,16,163,10.2,1,2,16,0,0,0,23.9
26,50048448,Lew Nichols III,CMICH,RB,1,MISSR,19,135,7.1,1,4,40,0,0,0,23.5
27,50036092,Tavion Thomas,UTAH,RB,1,WEBST,12,107,8.9,2,0,0,0,1,1,22.7
28,50036595,Greg Bell,SDST,RB,1,NMXST,21,161,7.7,1,0,0,0,1,1,22.1
29,50037559,Camerun Peoples,APPLST,RB,1,ECAR,14,100,7.1,2,0,0,0,0,0,22
29,50054752,Shermari Jones,COAST,RB,1,CITA,9,100,11.1,2,0,0,0,0,0,22
29,50055438,Harrison Waylee,NILL,RB,1,GTECH,27,144,5.3,1,1,16,0,1,1,22
32,50048080,Zach Charbonnet,UCLA,RB,1,LSU,11,117,10.6,1,1,35,0,0,0,21.2
33,50042094,Jashaun Corbin,FLST,RB,1,ND,15,144,9.6,1,3,6,0,0,0,21
34,50055894,Brandon Thomas,MPHS,RB,1,NICHLS,16,147,9.2,1,0,0,0,0,0,20.7
34,50026893,Bryant Koback,TOLEDO,RB,1,NORFST,9,52,5.8,2,3,35,0,0,0,20.7
34,50028951,Ronald Awatt,UTEP,RB,1,BCOOK,19,126,6.6,1,1,21,0,0,0,20.7
37,50032479,Kevin Marks Jr.,BUF,RB,1,WAG,13,72,5.5,2,1,9,0,0,0,20.1
38,50041839,Jerome Ford,CIN,RB,1,MIAOH,12,121,10.1,1,2,19,0,0,0,20
39,50058879,Dae Dae Hunter,HAWAII,RB,1,PORTST,16,128,8,1,1,8,0,0,0,19.6
39,50057027,Deuce Vaughn,KANST,RB,1,STAN,13,124,9.5,1,2,12,0,0,0,19.6
41,50038454,Chris Rodriguez Jr.,UK,RB,1,LAMON,19,125,6.6,1,2,10,0,0,0,19.5
42,50026619,Christian Beal-Smith,WAKE,RB,1,OLD,11,74,6.7,2,0,0,0,0,0,19.4
43,50036462,Samson Evans,EMICH,RB,1,STFPA,5,11,2.2,3,0,0,0,0,0,19.1
44,50060516,Rachaad White,ARZST,RB,1,SUTAH,7,58,8.3,2,1,11,0,0,0,18.9
44,50036373,David Bailey,COLST,RB,1,SDKST,19,46,2.4,1,3,23,1,0,0,18.9
44,50056926,Keaton Mitchell,ECAR,RB,1,APPLST,4,50,12.5,0,5,79,1,0,0,18.9
44,50046173,Chez Mellusi,WISC,RB,1,PENNST,31,121,3.9,1,2,8,0,0,0,18.9
48,50061756,Scooter Adams,NWST,RB,1,NTX,12,92,7.7,1,7,36,0,2,2,18.8
49,50038763,Brenden Brady,UTSA,RB,1,ILL,11,67,6.1,2,0,0,0,0,0,18.7
50,50048185,Kyren Williams,ND,RB,1,FLST,18,42,2.3,0,6,83,1,0,0,18.5
50,50058207,Miyan Williams,OHIOST,RB,1,MINNST,9,125,13.9,1,0,0,0,0,0,18.5
52,50028158,Ronnie Rivers,FREST,RB,1,UCONN,13,58,4.5,0,2,66,1,0,0,18.4
53,50046252,Reese White,COAST,RB,1,CITA,7,62,8.9,2,0,0,0,0,0,18.2
54,50057784,Jabari Small,TENN,RB,1,BOWLGR,22,116,5.3,1,1,5,0,0,0,18.1
55,50045766,Snoop Conner,MISS,RB,1,LOU,8,60,7.5,2,0,0,0,0,0,18
56,50064795,Calvin Turner Jr.,HAWAII,RB,1,PORTST,3,36,12,1,5,82,0,3,1,17.8
57,50049468,Travis Theis,SDAK,RB,1,KAN,18,96,5.3,1,1,21,0,0,0,17.7
58,50037455,Dameon Pierce,FL,RB,1,FLATL,6,31,5.2,2,5,25,0,0,0,17.6
58,50063803,Tiyon Evans,TENN,RB,1,BOWLGR,16,116,7.2,1,0,0,0,0,0,17.6
60,50046459,Darius Boone Jr.,EMICH,RB,1,STFPA,22,107,4.9,1,1,8,0,0,0,17.5
61,50027850,Tyler Nevens,SJST,RB,1,SUTAH,12,91,7.6,1,2,23,0,0,0,17.4
62,50037422,Max Borghi,WASHST,RB,1,UTAHST,11,86,7.8,1,1,27,0,0,0,17.3
63,50054896,DeaMonte Trayanum,ARZST,RB,1,SUTAH,6,52,8.7,2,0,0,0,0,0,17.2
64,50067916,Jarquez Hunter,AUBRN,RB,1,AKRON,9,110,12.2,1,0,0,0,0,0,17
64,50037751,Cameron Carroll,TULANE,RB,1,OKL,10,31,3.1,0,4,19,2,0,0,17
66,50046257,Tyler Goodson,IOWA,RB,1,IND,19,99,5.2,1,2,9,0,1,1,16.8
67,50046818,Jordan Waters,DUKE,RB,1,CHARLT,5,65,13,0,2,40,1,0,0,16.5
67,50060967,Kyle Monangai,RUTGER,RB,1,TEMPL,8,28,3.5,2,1,17,0,0,0,16.5
67,50046677,Jamontez Woods,TROY,RB,1,SOUTH,13,28,2.2,2,2,17,0,0,0,16.5
70,50026911,Malik Davis,FL,RB,1,FLATL,14,104,7.4,1,0,0,0,0,0,16.4
71,50041884,Shaun Shivers,AUBRN,RB,1,AKRON,2,24,12,1,1,19,1,0,0,16.3
71,50034292,Que'Shaun Byrd,BCOOK,RB,1,UTEP,12,98,8.2,1,1,5,0,0,0,16.3
73,50028281,Trelon Smith,ARK,RB,1,RICE,22,102,4.6,1,0,0,0,0,0,16.2
74,50042832,Tyler Allgeier,BYU,RB,1,ARZ,17,94,5.5,1,1,7,0,0,0,16.1
74,50037329,Jarek Broussard,COL,RB,1,NCOL,15,94,6.3,1,1,7,0,0,0,16.1
76,50046366,Breece Hall,IOWAST,RB,1,NIOWA,23,69,3,1,4,31,0,0,0,16
77,50041075,Sheldon Evans,MARSH,RB,1,NAVY,9,27,3,2,3,12,0,1,1,15.9
77,50001926,Brittain Brown,UCLA,RB,1,HAWAII,13,78,6,1,2,21,0,0,0,15.9
79,50039906,Dedrick Parson,HAWAII,RB,1,PORTST,11,38,3.5,2,0,0,0,0,0,15.8
80,50048415,Ron Cook Jr.,BUF,RB,1,WAG,14,94,6.7,1,1,2,0,0,0,15.6
80,50001926,Brittain Brown,UCLA,RB,1,LSU,17,96,5.6,1,0,0,0,0,0,15.6
82,50060413,Damien Moore,CAH,RB,1,NEVADA,15,79,5.3,1,3,16,0,0,0,15.5
83,50032367,Calvin Tyler Jr.,UTAHST,RB,1,WASHST,14,84,6,1,3,10,0,0,0,15.4
84,50033698,Will Jones,BALLST,RB,1,WILL,18,93,5.2,1,0,0,0,0,0,15.3
84,50045475,Rodrigues Clark,MPHS,RB,1,NICHLS,9,84,9.3,1,1,9,0,0,0,15.3
86,50033017,Zander Horvath,PUR,RB,1,OREGST,21,81,3.9,1,4,11,0,0,0,15.2
87,50054767,Sevion Morrison,NEBR,RB,1,FORDM,9,31,3.4,2,1,-1,0,0,0,15
88,50035669,Quay Holmes,ETNST,RB,1,VAND,23,149,6.5,0,2,-1,0,0,0,14.8
88,50046654,Gerald Green,GAS,RB,1,GARDWB,11,72,6.5,1,1,16,0,0,0,14.8
88,50045770,Jerrion Ealy,MISS,RB,1,LOU,12,37,3.1,1,3,51,0,0,0,14.8
91,50042308,Dylan McDuffie,BUF,RB,1,WAG,4,27,6.8,2,0,0,0,0,0,14.7
91,50026965,Kennedy Brooks,OKL,RB,1,TULANE,14,87,6.2,1,0,0,0,0,0,14.7
93,50062519,TreVeyon Henderson,OHIOST,RB,1,MINNST,2,15,7.5,0,1,70,1,0,0,14.5
94,50032365,B.J. Baylor,OREGST,RB,1,PUR,9,24,2.7,2,0,0,0,1,0,14.4
94,50060221,Isaiah Davis,SDKST,RB,1,COLST,15,84,5.6,1,0,0,0,0,0,14.4
94,50048304,Jermaine Brown Jr.,UAB,RB,1,JAXST,14,78,5.6,1,1,6,0,0,0,14.4
97,50056961,Braydon Bennett,COAST,RB,1,CITA,5,49,9.8,1,3,33,0,0,0,14.2
97,50045974,Edward Saydee,TEMPL,RB,1,RUTGER,12,57,4.8,1,2,25,0,0,0,14.2
97,50026859,Xazavian Valladay,WYOM,RB,1,MONST,19,77,4.1,1,1,5,0,0,0,14.2
100,50054967,Kimani Vidal,TROY,RB,1,SOUTH,15,81,5.4,1,0,0,0,0,0,14.1
101,50067503,Carson Steele,BALLST,RB,1,WILL,7,79,11.3,1,0,0,0,1,0,13.9
102,50017408,Dennis Merritt,EWASH,RB,1,UNLV,18,58,3.2,1,2,20,0,0,0,13.8
103,50026730,Mike Epstein,ILL,RB,1,NEBR,16,75,4.7,1,1,2,0,0,0,13.7
103,50048559,Isaiah Spiller,TXAM,RB,1,KENTST,17,113,6.6,0,2,24,0,0,0,13.7
105,50052358,Treshaun Ward,FLST,RB,1,ND,11,76,6.9,1,0,0,0,0,0,13.6
105,50039214,Isaiah Ifanse,MONST,RB,1,WYOM,16,103,6.4,0,4,33,0,0,0,13.6
105,50027874,CJ Verdell,ORE,RB,1,FREST,18,74,4.1,1,1,2,0,0,0,13.6
108,50048249,Noah Cain,PENNST,RB,1,WISC,8,48,6,1,5,27,0,0,0,13.5
109,50027313,Tayon Fleet-Davis,MARY,RB,1,WVIR,18,123,6.8,0,3,11,0,0,0,13.4
109,50028951,Ronald Awatt,UTEP,RB,1,NMXST,11,74,6.7,1,0,0,0,0,0,13.4
111,50038836,Chris Smith,LOULAF,RB,1,TX,11,54,4.9,1,4,19,0,0,0,13.3
112,50034965,Alan Lamar,ARKST,RB,1,CARK,18,67,3.7,1,2,3,0,0,0,13
112,50046536,Michael Wiley,ARZ,RB,1,BYU,15,64,4.3,0,6,66,0,0,0,13
112,50041774,Hassan Haskins,MICH,RB,1,WMICH,13,70,5.4,1,1,0,0,0,0,13
115,50056670,Nate Noel,APPLST,RB,1,ECAR,15,126,8.4,0,1,3,0,0,0,12.9
115,50037245,Travis Dye,ORE,RB,1,FREST,13,64,4.9,1,1,5,0,0,0,12.9
117,50042959,Jordan Byrd,SDST,RB,1,NMXST,3,48,16,1,1,18,0,1,1,12.6
118,50000999,Jawon Hamilton,EMICH,RB,1,STFPA,15,64,4.3,1,0,0,0,0,0,12.4
118,50016089,B.J. Smith,TROY,RB,1,SOUTH,10,54,5.4,1,1,10,0,0,0,12.4
120,50057529,Nathan Storch,CITA,RB,1,COAST,23,65,2.8,1,1,-2,0,0,0,12.3
121,50027850,Tyler Nevens,SJST,RB,1,USC,15,58,3.9,1,2,3,0,0,0,12.1
122,50028159,Jordan Mims,FREST,RB,1,UCONN,7,38,5.4,1,2,22,0,0,0,12
122,50018371,Joshua Mack,LIBRTY,RB,1,CAMP,19,60,3.2,1,0,0,0,1,0,12
124,50060234,Shomari Lawrence,SDAK,RB,1,KAN,11,59,5.4,1,2,0,0,1,0,11.9
125,50056408,Willie Eldridge,UTEP,RB,1,BCOOK,14,118,8.4,0,0,0,0,0,0,11.8
126,50037746,Amare Jones,GAS,RB,1,GARDWB,19,98,5.2,0,0,0,0,0,0,11.6
126,50054098,Jahmyr Gibbs,GTECH,RB,1,NILL,20,99,5,0,3,17,0,0,0,11.6
126,50048407,Sincere McCormick,UTSA,RB,1,ILL,31,117,3.8,0,1,-1,0,0,0,11.6
129,50033121,Trestan Ebner,BAYL,RB,1,TXST,20,120,6,0,1,-6,0,0,0,11.4
129,50054322,Kendre Miller,TCU,RB,1,DUQ,8,54,6.8,1,0,0,0,0,0,11.4
131,50056608,Tyrell Robinson,ARMY,RB,1,GAST,3,12,4,0,1,40,1,1,0,11.2
131,50036192,Johnny Ford,FLATL,RB,1,FL,10,52,5.2,1,1,0,0,0,0,11.2
131,50052912,Malik Walker,PORTST,RB,1,HAWAII,11,58,5.3,1,2,-6,0,0,0,11.2
134,50059905,Brad Roberts,AIRF,RB,1,LAFAY,25,111,4.4,0,0,0,0,0,0,11.1
134,50048411,Tajay Ahmed,BUF,RB,1,WAG,5,51,10.2,1,0,0,0,0,0,11.1
134,50055489,Ashaad Clayton,COL,RB,1,NCOL,8,51,6.4,1,0,0,0,0,0,11.1
137,50046308,Evan Hull,NW,RB,1,MST,9,87,9.7,0,3,23,0,0,0,11
137,50036718,Isaih Pacheco,RUTGER,RB,1,TEMPL,15,48,3.2,1,1,2,0,0,0,11
137,50050798,Deion Hankins,UTEP,RB,1,NMXST,11,50,4.5,1,0,0,0,0,0,11
140,50038328,Destin Coates,GAST,RB,1,ARMY,13,48,3.7,1,0,0,0,1,1,10.8
140,50055369,Isaiah Johnson,NTX,RB,1,NWST,11,48,4.4,1,0,0,0,0,0,10.8
142,50039941,Kazmeir Allen,UCLA,RB,1,HAWAII,0,0,0,0,2,47,1,0,0,10.7
143,50026083,Travis Levy,BOSCOL,RB,1,COLG,9,32,3.6,1,1,14,0,0,0,10.6
143,50048207,Shedro Louis,LIBRTY,RB,1,CAMP,3,46,15.3,1,0,0,0,0,0,10.6
145,50038017,Jahmyl Jeter,TXST,RB,1,BAYL,8,45,5.6,1,0,0,0,0,0,10.5
146,50054894,Daniyel Ngata,ARZST,RB,1,SUTAH,11,37,3.4,1,1,7,0,0,0,10.4
146,50026526,A.J. Davis Jr.,PITT,RB,1,UMASS,2,21,10.5,1,4,23,0,1,1,10.4
146,50056431,Frank Gore Jr.,SOUMIS,RB,1,SALA,19,81,4.3,0,1,23,0,0,0,10.4
149,50055392,Jonzell Norrils,AKRON,RB,1,AUBRN,12,22,1.8,0,2,21,1,0,0,10.3
150,50028230,Alex Fontenot,COL,RB,1,NCOL,8,40,5,1,1,2,0,0,0,10.2
151,50045825,Trey Sanders,ALA,RB,1,MIA,8,41,5.1,1,0,0,0,0,0,10.1
151,50046253,Shadrick Byrd,CHARLT,RB,1,DUKE,10,30,3,0,1,11,1,1,0,10.1
151,50056276,Chris Tyree,ND,RB,1,FLST,7,31,4.4,1,4,10,0,0,0,10.1
151,50043033,Markese Stepp,NEBR,RB,1,FORDM,18,101,5.6,0,0,0,0,0,0,10.1
151,50046180,Vincent Davis,PITT,RB,1,UMASS,6,32,5.3,1,1,9,0,0,0,10.1
156,50054921,Elijah Young,MISSR,RB,1,CMICH,5,29,5.8,1,1,11,0,0,0,10
156,50043033,Markese Stepp,NEBR,RB,1,ILL,3,10,3.3,1,1,30,0,0,0,10
156,50061011,Marques DeShields,STFPA,RB,1,EMICH,10,33,3.3,1,1,7,0,0,0,10
159,50039518,Juwon Farri,MONM,RB,1,MTNST,18,99,5.5,0,0,0,0,0,0,9.9
160,50052850,Jakobi Buchanan,ARMY,RB,1,GAST,11,38,3.5,1,0,0,0,0,0,9.8
160,50028337,Marquavius Weaver,MPHS,RB,1,NICHLS,10,19,1.9,1,1,19,0,0,0,9.8
160,50043613,La'Darius Jefferson,WMICH,RB,1,MICH,10,38,3.8,1,0,0,0,0,0,9.8
163,50055419,Kenny Tracy,MIAOH,RB,1,CIN,8,37,4.6,1,0,0,0,0,0,9.7
163,50048269,Aaron Young,RUTGER,RB,1,TEMPL,8,26,3.2,1,2,11,0,0,0,9.7
165,50042901,Shaun Peterson Jr.,FLINT,RB,1,LIUB,8,36,4.5,1,0,0,0,0,0,9.6
165,50036330,Jordan Mason,GTECH,RB,1,NILL,15,96,6.4,0,0,0,0,0,0,9.6
167,50037327,Deion Smith,COL,RB,1,NCOL,4,32,8,1,0,0,0,0,0,9.2
167,50006168,LD Brown,OKST,RB,1,MSRST,15,30,2,1,2,2,0,1,1,9.2
167,50038050,Emari Demercado,TCU,RB,1,DUQ,5,32,6.4,1,0,0,0,0,0,9.2
167,50028733,Shamari Brooks,TULSA,RB,1,UCDV,10,88,8.8,0,1,4,0,0,0,9.2
171,50028871,Darius Bracy,CMICH,RB,1,MISSR,3,62,20.7,0,1,29,0,0,0,9.1
171,50037940,Keaontay Ingram,USC,RB,1,SJST,15,86,5.7,0,1,5,0,0,0,9.1
173,50052861,Braheam Murphy,ARMY,RB,1,GAST,1,-2,-2,0,1,32,1,0,0,9
173,50054770,Marvin Scott III,NEBR,RB,1,FORDM,6,30,5,1,0,0,0,0,0,9
173,50056278,Israel Abanikanda,PITT,RB,1,UMASS,7,30,4.3,1,0,0,0,0,0,9
176,50046234,Pat Garwo III,BOSCOL,RB,1,COLG,4,29,7.2,1,0,0,0,0,0,8.9
176,50004137,Kareem Walker,SALA,RB,1,SOUMIS,18,26,1.4,0,2,3,1,0,0,8.9
178,50056612,Riley Tyson,ARMY,RB,1,GAST,6,27,4.5,1,0,0,0,0,0,8.7
178,50042570,Andrew Van Buren,BOISE,RB,1,UCF,10,26,2.6,1,1,1,0,0,0,8.7
178,50038306,Zamir White,GA,RB,1,CLMSN,13,74,5.7,0,1,13,0,1,0,8.7
178,50054314,Zach Evans,TCU,RB,1,DUQ,5,27,5.4,1,0,0,0,0,0,8.7
182,50019875,Clint Ratkovich,NILL,RB,1,GTECH,7,13,1.9,0,3,13,1,0,0,8.6
182,50061210,David Moore III,SUTAH,RB,1,ARZST,4,26,6.5,1,2,0,0,0,0,8.6
184,50043751,Aaron Thompson,BCOOK,RB,1,UTEP,7,25,3.6,1,0,0,0,0,0,8.5
184,50036084,Ryan Montgomery,CIN,RB,1,MIAOH,3,17,5.7,0,1,8,1,1,1,8.5
184,50017525,Tru Wilson,NCOL,RB,1,COL,6,16,2.7,0,8,69,0,0,0,8.5
184,50037806,Cooper Lutz,SYRA,RB,1,OHIO,5,25,5,1,0,0,0,0,0,8.5
184,50030156,Ulonzo Gilliam Jr.,UCDV,RB,1,TULSA,25,64,2.6,0,3,21,0,0,0,8.5
184,50037296,Richard Newton,WASH,RB,1,MONT,17,62,3.6,0,4,23,0,0,0,8.5
190,50056990,Jordon Simmons,MST,RB,1,NW,5,10,2,0,1,14,1,0,0,8.4
190,50028619,Chaton Mobley,MTNST,RB,1,MONM,4,24,6,1,0,0,0,0,0,8.4
190,50046505,Jaylen Warren,OKST,RB,1,MSRST,6,9,1.5,1,2,15,0,0,0,8.4
193,50048101,Jacquez Stuart,TOLEDO,RB,1,NORFST,4,23,5.8,1,0,0,0,0,0,8.3
194,50052953,Trey Wilson III,FORDM,RB,1,NEBR,13,75,5.8,0,2,7,0,0,0,8.2
194,50035790,Selwyn Simpson,LAFAY,RB,1,AIRF,5,22,4.4,1,0,0,0,0,0,8.2
194,50062486,Xavier Harris,MONT,RB,1,WASH,15,70,4.7,0,2,12,0,0,0,8.2
194,50033085,Raheem Blackshear,VTECH,RB,1,NCAR,11,16,1.5,0,3,66,0,1,0,8.2
198,50042671,A.J. Howard,ARMY,RB,1,GAST,2,20,10,1,0,0,0,0,0,8
198,50057023,Keyon Mozee,MIAOH,RB,1,CIN,15,80,5.3,0,0,0,0,0,0,8
198,50046178,Daniel Carter,PITT,RB,1,UMASS,4,20,5,1,0,0,0,0,0,8
198,50032416,Kevin Mensah,UCONN,RB,1,HOLY,21,66,3.1,0,2,14,0,0,0,8
198,50036508,Ronnie Walker Jr.,VIR,RB,1,WM,1,9,9,1,1,11,0,0,0,8
203,50040414,Peter Oliver,HOLY,RB,1,UCONN,18,79,4.4,0,0,0,0,0,0,7.9
204,50056923,Rahjai Harris,ECAR,RB,1,APPLST,8,22,2.8,0,4,56,0,0,0,7.8
205,50054507,Dominique Johnson,ARK,RB,1,RICE,4,16,4,1,0,0,0,0,0,7.6
205,50046538,Micah Bernard,UTAH,RB,1,WEBST,6,35,5.8,0,3,41,0,0,0,7.6
207,50036323,Dontae Smith,GTECH,RB,1,NILL,1,15,15,1,0,0,0,0,0,7.5
207,50028012,Ty Chandler,NCAR,RB,1,VTECH,10,66,6.6,0,1,9,0,0,0,7.5
207,50046222,Jordan Houston,NCST,RB,1,SFL,5,15,3,1,0,0,0,0,0,7.5
207,50031670,Peyton Logan,TMRT,RB,1,WKENT,7,75,10.7,0,2,0,0,0,0,7.5
211,50036382,Peter Stehr,BOSCOL,RB,1,COLG,3,14,4.7,1,0,0,0,0,0,7.4
211,50055501,Marshawn Lloyd,SC,RB,1,EILL,14,55,3.9,0,1,19,0,0,0,7.4
213,50028647,Xavier Williams,KENTST,RB,1,TXAM,8,73,9.1,0,0,0,0,0,0,7.3
213,50058112,Isaiah Jacobs,MARY,RB,1,WVIR,14,50,3.6,0,3,23,0,0,0,7.3
213,50051112,Kevin Johnson,NORFST,RB,1,TOLEDO,4,56,14,0,1,17,0,0,0,7.3
216,50036892,Lala Davis,OLD,RB,1,WAKE,12,69,5.8,0,1,3,0,0,0,7.2
217,50045955,Re'Mahn Davis,VAND,RB,1,ETNST,15,58,3.9,0,1,11,0,0,0,6.9
218,50048460,Sean Tyler,WMICH,RB,1,MICH,10,55,5.5,0,2,13,0,0,0,6.8
219,50046382,Xavier White,TXTECH,RB,1,HOU,4,4,1,0,1,3,1,1,1,6.7
219,50010904,Vavae Malepeai,USC,RB,1,SJST,14,65,4.6,0,2,2,0,0,0,6.7
221,50046486,Jaylen Thomas,COLST,RB,1,SDKST,2,6,3,1,0,0,0,0,0,6.6
221,50017594,Martell Pettaway,MTNST,RB,1,MONM,3,6,2,1,0,0,0,0,0,6.6
221,50062604,Brandon Epton Jr.,SMU,RB,1,ABCHR,4,6,1.5,1,0,0,0,0,0,6.6
224,50063637,Michael Washington,BUF,RB,1,WAG,13,65,5,0,0,0,0,0,0,6.5
224,50037501,Asa Martin,MPHS,RB,1,NICHLS,13,65,5,0,0,0,0,0,0,6.5
224,50048435,De'Montre Tuggle,OHIO,RB,1,SYRA,16,65,4.1,0,2,0,0,1,0,6.5
224,50048827,Donavyn Lester,WM,RB,1,VIR,12,42,3.5,0,3,23,0,0,0,6.5
228,50037519,Marcel Murray,ARKST,RB,1,CARK,7,63,9,0,1,0,0,0,0,6.3
228,50036639,Drake Anderson,ARZ,RB,1,BYU,8,35,4.4,0,6,28,0,0,0,6.3
228,50046634,Kadyn Roach,LAMON,RB,1,UK,4,3,0.8,1,0,0,0,0,0,6.3
228,50028969,Steven Anderson,TULSA,RB,1,UCDV,2,3,1.5,1,0,0,0,0,0,6.3
232,50036733,Bryce Williams,MINNST,RB,1,OHIOST,1,2,2,1,0,0,0,0,0,6.2
232,50007104,Quardraiz Wadley,UTEP,RB,1,NMXST,6,51,8.5,0,1,11,0,0,0,6.2
234,50054821,Marquez Cooper,KENTST,RB,1,TXAM,8,42,5.2,0,1,19,0,0,0,6.1
234,50056946,Justice Ellison,WAKE,RB,1,OLD,9,48,5.3,0,1,13,0,0,0,6.1
236,50027559,Brian Robinson Jr.,ALA,RB,1,MIA,12,60,5,0,2,0,0,0,0,6
237,50028158,Ronnie Rivers,FREST,RB,1,ORE,14,40,2.9,0,4,19,0,1,1,5.9
237,50045498,Gabriel Rogers,MPHS,RB,1,NICHLS,0,0,0,0,3,59,0,0,0,5.9
237,50037102,Toa Taua,NEVADA,RB,1,CAH,10,37,3.7,0,2,22,0,0,0,5.9
240,50036981,Malcolm Davidson,FLATL,RB,1,FL,9,52,5.8,0,1,5,0,0,0,5.7
240,50033355,Stephen Carr,IND,RB,1,IOWA,19,57,3,0,0,0,0,0,0,5.7
240,50028184,T.J. Green,LIBRTY,RB,1,CAMP,7,39,5.6,0,1,18,0,0,0,5.7
240,50046155,Jalen Mitchell,LOU,RB,1,MISS,12,49,4.1,0,1,8,0,0,0,5.7
240,50065185,Aaron Dumas,NMX,RB,1,HOUBAP,15,57,3.8,0,0,0,0,0,0,5.7
240,50055469,John Gentry,UTAHST,RB,1,WASHST,14,47,3.4,0,1,10,0,0,0,5.7
240,50041173,Wayne Taulapapa,VIR,RB,1,WM,5,48,9.6,0,2,9,0,0,0,5.7
247,50058630,Max Hurleman,COLG,RB,1,BOSCOL,10,27,2.7,0,3,29,0,0,0,5.6
247,50036896,Blake Watson,OLD,RB,1,WAKE,15,55,3.7,0,1,1,0,0,0,5.6
247,50014826,Devon Benn,SOUTH,RB,1,TROY,11,50,4.5,0,1,6,0,0,0,5.6
247,50041955,Isaac Guerendo,WISC,RB,1,PENNST,13,56,4.3,0,0,0,0,0,0,5.6
251,50046577,Austin Jones,STAN,RB,1,KANST,9,25,2.8,0,4,30,0,1,0,5.5
252,50056380,DeWayne McBride,UAB,RB,1,JAXST,12,54,4.5,0,0,0,0,2,2,5.4
253,50058769,Ludovick Choquette,WILL,RB,1,BALLST,5,23,4.6,0,4,30,0,0,0,5.3
254,50054499,Jase McClellan,ALA,RB,1,MIA,9,36,4,0,3,15,0,0,0,5.1
254,50048097,Micah Kelly,TOLEDO,RB,1,NORFST,7,41,5.9,0,1,10,0,0,0,5.1
256,50064795,Calvin Turner Jr.,HAWAII,RB,1,UCLA,0,0,0,0,5,50,0,0,0,5
256,50067878,JuJu McDowell,SC,RB,1,EILL,12,46,3.8,0,1,4,0,0,0,5
256,50039941,Kazmeir Allen,UCLA,RB,1,LSU,2,5,2.5,0,2,45,0,0,0,5
259,50045905,Ulysses Bentley IV,SMU,RB,1,ABCHR,10,48,4.8,0,2,1,0,0,0,4.9
259,50061206,Dayne Christensen,SUTAH,RB,1,ARZST,10,38,3.8,0,2,11,0,1,1,4.9
259,50048226,Jordan Castleberry,TMRT,RB,1,WKENT,4,43,10.8,0,1,6,0,0,0,4.9
259,50046356,Roschon Johnson,TX,RB,1,LOULAF,8,27,3.4,0,2,22,0,0,0,4.9
259,50032931,Jalen Holston,VTECH,RB,1,NCAR,13,49,3.8,0,0,0,0,0,0,4.9
264,50041521,Julien Gums,NICHLS,RB,1,MPHS,13,48,3.7,0,0,0,0,0,0,4.8
264,50032643,O'Maury Samuels,NMXST,RB,1,UTEP,9,28,3.1,0,2,20,0,0,0,4.8
264,50046687,Juwaun Price,NMXST,RB,1,UTEP,9,37,4.1,0,2,11,0,0,0,4.8
264,50015160,Adam Cofield,WKENT,RB,1,TMRT,10,40,4,0,1,8,0,0,0,4.8
268,50028159,Jordan Mims,FREST,RB,1,ORE,4,47,11.8,0,0,0,0,0,0,4.7
268,50056266,D.J. Jones,NCAR,RB,1,VTECH,6,43,7.2,0,2,4,0,0,0,4.7
268,50026998,Dom Williams,NIOWA,RB,1,IOWAST,12,43,3.6,0,1,4,0,0,0,4.7
271,50046551,DeCarlos Brooks,CAH,RB,1,NEVADA,2,46,23,0,0,0,0,0,0,4.6
271,50064902,Marion Lukes,CMICH,RB,1,MISSR,5,44,8.8,0,1,2,0,0,0,4.6
271,50060338,Reggie Love III,ILL,RB,1,UTSA,11,39,3.5,0,1,7,0,0,0,4.6
271,50015873,Marcus Williams Jr.,LOUTCH,RB,1,MSPST,13,21,1.6,0,3,25,0,1,1,4.6
271,50037782,Cam'Ron Harris,MIA,RB,1,ALA,12,38,3.2,0,2,8,0,0,0,4.6
271,50046329,Trey Potts,MINNST,RB,1,OHIOST,10,34,3.4,0,1,12,0,0,0,4.6
271,50048259,Kay'Ron Adams,UMASS,RB,1,PITT,11,32,2.9,0,4,14,0,0,0,4.6
278,50060338,Reggie Love III,ILL,RB,1,NEBR,12,45,3.8,0,0,0,0,0,0,4.5
278,50056619,Henry Parrish Jr.,MISS,RB,1,LOU,8,38,4.8,0,1,7,0,0,0,4.5
278,50067125,Rodney Hammond Jr.,PITT,RB,1,UMASS,8,45,5.6,0,0,0,0,0,0,4.5
281,50063063,Raheim Sanders,ARK,RB,1,RICE,7,44,6.3,0,0,0,0,0,0,4.4
281,50027032,Johnnie Lang Jr.,ARKST,RB,1,CARK,5,36,7.2,0,1,8,0,1,1,4.4
281,50063640,Jamal Johnson,BOWLGR,RB,1,TENN,0,0,0,0,3,44,0,0,0,4.4
281,50000824,Mulbah Car,HOU,RB,1,TXTECH,13,37,2.8,0,2,7,0,0,0,4.4
281,50026651,Ivory Kelly-Martin,IOWA,RB,1,IND,8,44,5.5,0,0,0,0,1,1,4.4
281,50057727,Kevon Latulas,MSRST,RB,1,OKST,6,45,7.5,0,1,-1,0,0,0,4.4
281,50048747,Isaiah Williams,SUTAH,RB,1,SJST,3,17,5.7,0,3,27,0,0,0,4.4
281,50068484,Kye Robichaux,WKENT,RB,1,TMRT,9,44,4.9,0,0,0,0,0,0,4.4
289,50046402,Lexington Joseph,FLINT,RB,1,LIUB,3,30,10,0,1,13,0,0,0,4.3
289,50055909,EJ Wilson Jr.,FLINT,RB,1,LIUB,5,43,8.6,0,0,0,0,0,0,4.3
289,50046542,Jordan Wilmore,FREST,RB,1,UCONN,5,28,5.6,0,2,15,0,0,0,4.3
289,50038196,O'Shaan Allison,OHIO,RB,1,SYRA,9,43,4.8,0,0,0,0,0,0,4.3
293,50033194,Calvin Camp,CHARLT,RB,1,DUKE,9,42,4.7,0,0,0,0,0,0,4.2
293,50029382,Zach Davis,FORDM,RB,1,NEBR,6,37,6.2,0,1,5,0,0,0,4.2
295,50032643,O'Maury Samuels,NMXST,RB,1,SDST,6,35,5.8,0,1,6,0,0,0,4.1
295,50046011,J.J. Davis,NORFST,RB,1,TOLEDO,13,41,3.2,0,0,0,0,0,0,4.1
295,50045824,Keilan Robinson,TX,RB,1,LOULAF,8,41,5.1,0,0,0,0,0,0,4.1
295,50041776,Christian Turner,WAKE,RB,1,OLD,8,37,4.6,0,1,4,0,1,1,4.1
299,50058879,Dae Dae Hunter,HAWAII,RB,1,UCLA,7,20,2.9,0,7,19,0,0,0,3.9
299,50055385,Isiah Childs,MONT,RB,1,WASH,9,39,4.3,0,0,0,0,0,0,3.9
299,50044631,Sam Schnee,NIOWA,RB,1,IOWAST,0,0,0,0,3,39,0,0,0,3.9
299,50041480,Curtis Williams,NWST,RB,1,NTX,8,39,4.9,0,0,0,0,0,0,3.9
299,50048524,Kairee Robinson,SJST,RB,1,SUTAH,5,15,3,0,2,24,0,0,0,3.9
299,50028425,Tre Siggers,SMU,RB,1,ABCHR,11,46,4.2,0,2,-7,0,0,0,3.9
299,50052882,Dontae McMillan,WEBST,RB,1,UTAH,7,39,5.6,0,0,0,0,0,0,3.9
306,50049417,Jaden Sutton,LAFAY,RB,1,AIRF,7,38,5.4,0,0,0,0,0,0,3.8
306,50054922,Emani Bailey,LOULAF,RB,1,TX,6,14,2.3,0,2,24,0,1,1,3.8
306,50045929,Tyler Lavine,SMU,RB,1,ABCHR,4,31,7.8,0,2,7,0,0,0,3.8
309,50042822,Lopini Katoa,BYU,RB,1,ARZ,9,33,3.7,0,1,4,0,0,0,3.7
309,50043870,Jacob Saylors,ETNST,RB,1,VAND,11,23,2.1,0,2,14,0,0,0,3.7
309,50049341,Narii Gaither,GARDWB,RB,1,GAS,7,33,4.7,0,3,4,0,0,0,3.7
309,50033748,Bobby Cole,NMX,RB,1,HOUBAP,10,37,3.7,0,0,0,0,0,0,3.7
309,50037753,Ygenio Booker,TULANE,RB,1,OKL,0,0,0,0,2,37,0,0,0,3.7
309,50046543,Cameron Davis,WASH,RB,1,MONT,4,8,2,0,3,29,0,0,0,3.7
309,50031079,Myles Wanza,WILL,RB,1,BALLST,8,37,4.6,0,0,0,0,0,0,3.7
316,50036099,Charles McClelland,CIN,RB,1,MIAOH,4,36,9,0,0,0,0,0,0,3.6
316,50026730,Mike Epstein,ILL,RB,1,UTSA,9,32,3.6,0,1,4,0,1,0,3.6
316,50046617,Tyrion Davis-Price,LSU,RB,1,UCLA,13,31,2.4,0,1,5,0,0,0,3.6
316,50037088,Devonte Lee,NEVADA,RB,1,CAH,11,36,3.3,0,0,0,0,0,0,3.6
316,50037312,Trey Lowe,OREGST,RB,1,PUR,6,27,4.5,0,3,9,0,0,0,3.6
316,50039327,Karris Davis,SUTAH,RB,1,SJST,5,36,7.2,0,0,0,0,0,0,3.6
316,50054913,Marcus Pierce Jr.,TENN,RB,1,BOWLGR,8,36,4.5,0,0,0,0,1,1,3.6
316,50038094,Reynaldo Flores,UTEP,RB,1,BCOOK,9,36,4,0,0,0,0,1,0,3.6
324,50032321,Marcus McElroy Jr.,COLST,RB,1,SDKST,2,35,17.5,0,0,0,0,0,0,3.5
324,50059339,Garrett Owens,DUQ,RB,1,TCU,14,35,2.5,0,0,0,0,0,0,3.5
324,50058883,Dior Scott,HAWAII,RB,1,UCLA,0,0,0,0,2,35,0,0,0,3.5
324,50055377,Khalan Griffin,RICE,RB,1,ARK,13,35,2.7,0,0,0,0,0,0,3.5
324,50060975,Jamier Wright-Collins,RUTGER,RB,1,TEMPL,4,35,8.8,0,0,0,0,0,0,3.5
324,50053877,Damon Horton,STFPA,RB,1,EMICH,8,22,2.8,0,2,13,0,0,0,3.5
330,50056422,Chavon McEachern,CHARLT,RB,1,DUKE,9,23,2.6,0,1,11,0,0,0,3.4
330,50054088,Lawrance Toafili,FLST,RB,1,ND,6,34,5.7,0,0,0,0,0,0,3.4
330,50062423,Jonathan DeBique,LIUB,RB,1,FLINT,7,34,4.9,0,0,0,0,0,0,3.4
330,50027873,Darrian Felix,SFL,RB,1,NCST,8,21,2.6,0,2,13,0,0,0,3.4
334,50001770,Tobias Little,MSRST,RB,1,OKST,10,17,1.7,0,2,16,0,0,0,3.3
334,50062534,Gabe Ervin Jr.,NEBR,RB,1,ILL,12,33,2.8,0,0,0,0,0,0,3.3
334,50026103,Lucious Stanley,UAB,RB,1,JAXST,3,14,4.7,0,1,19,0,0,0,3.3
337,50052845,Anthony Adkins,ARMY,RB,1,GAST,8,32,4,0,0,0,0,0,0,3.2
337,50039906,Dedrick Parson,HAWAII,RB,1,UCLA,3,15,5,0,3,17,0,1,0,3.2
337,50057344,Ikaika Ragsdale,NTX,RB,1,NWST,10,32,3.2,0,0,0,0,0,0,3.2
337,50061210,David Moore III,SUTAH,RB,1,SJST,10,32,3.2,0,0,0,0,0,0,3.2
337,50046694,Daimarqua Foster,TCU,RB,1,DUQ,10,32,3.2,0,0,0,0,0,0,3.2
342,50064087,Montrell Johnson,LOULAF,RB,1,TX,6,27,4.5,0,1,4,0,0,0,3.1
342,50032416,Kevin Mensah,UCONN,RB,1,FREST,11,31,2.8,0,0,0,0,0,0,3.1
344,50064617,Donovan Edwards,MICH,RB,1,WMICH,6,27,4.5,0,1,3,0,0,0,3
344,50054448,E.J. Smith,STAN,RB,1,KANST,3,18,6,0,4,12,0,0,0,3
346,50042038,Marcel Dancy,CAH,RB,1,NEVADA,1,8,8,0,4,21,0,0,0,2.9
346,50042042,Christopher Brooks,CAH,RB,1,NEVADA,3,25,8.3,0,1,4,0,0,0,2.9
346,50064266,Bryce Dealey,NWST,RB,1,NTX,3,29,9.7,0,0,0,0,0,0,2.9
346,50036566,Master Teague III,OHIOST,RB,1,MINNST,6,29,4.8,0,0,0,0,0,0,2.9
346,50048524,Kairee Robinson,SJST,RB,1,USC,2,3,1.5,0,3,26,0,0,0,2.9
346,50046667,Calvin Hill,TXST,RB,1,BAYL,9,31,3.4,0,2,-2,0,0,0,2.9
352,50066570,Darius Hale,CARK,RB,1,ARKST,13,28,2.2,0,0,0,0,0,0,2.8
352,50054482,Kendall Milton,GA,RB,1,CLMSN,6,27,4.5,0,1,1,0,1,1,2.8
352,50027343,Connor Heyward,MST,RB,1,NW,0,0,0,0,3,28,0,0,0,2.8
352,50056930,Brian Battie,SFL,RB,1,NCST,5,8,1.6,0,1,20,0,1,0,2.8
356,50063629,Anthony Williams Jr.,AKRON,RB,1,AUBRN,6,10,1.7,0,2,17,0,1,0,2.7
356,50053068,Marshun Douglas,CARK,RB,1,ARKST,2,22,11,0,1,5,0,0,0,2.7
356,50054690,Donald Chaney Jr.,MIA,RB,1,ALA,7,23,3.3,0,1,4,0,0,0,2.7
356,50049291,John Carrington III,NICHLS,RB,1,MPHS,4,17,4.2,0,2,10,0,0,0,2.7
356,50046711,Jaren Mangham,SFL,RB,1,NCST,5,26,5.2,0,1,1,0,0,0,2.7
356,50054045,Nathan Carter,UCONN,RB,1,HOLY,5,22,4.4,0,1,5,0,0,0,2.7
356,50017367,Deon McIntosh,WASHST,RB,1,UTAHST,4,2,0.5,0,2,25,0,0,0,2.7
363,50027876,Cyrus Habibi-Likio,BOISE,RB,1,UCF,12,23,1.9,0,3,3,0,0,0,2.6
363,50063643,Nick Mosley,BOWLGR,RB,1,TENN,8,26,3.2,0,0,0,0,0,0,2.6
363,50057726,Lamagea McDowell,CAMP,RB,1,LIBRTY,9,26,2.9,0,0,0,0,0,0,2.6
363,50027990,Maleek Williams,FLINT,RB,1,LIUB,3,26,8.7,0,0,0,0,0,0,2.6
363,50043313,James Cook,GA,RB,1,CLMSN,5,19,3.8,0,4,7,0,0,0,2.6
363,50036681,Jakari Norwood,ILL,RB,1,UTSA,4,26,6.5,0,0,0,0,0,0,2.6
363,50056632,Dillon Johnson,MSPST,RB,1,LOUTCH,2,12,6,0,3,14,0,1,1,2.6
363,50055352,Frank Peasant,MTNST,RB,1,MONM,5,27,5.4,0,1,-1,0,0,0,2.6
363,50046687,Juwaun Price,NMXST,RB,1,SDST,8,20,2.5,0,1,6,0,1,0,2.6
363,50046109,Tyjae Spears,TULANE,RB,1,OKL,6,20,3.3,0,3,6,0,0,0,2.6
363,50046567,Keegan Jones,UCLA,RB,1,HAWAII,8,26,3.2,0,0,0,0,0,0,2.6
374,50041321,Tyrese White,ABCHR,RB,1,SMU,6,25,4.2,0,0,0,0,0,0,2.5
374,50057815,Pat Jackson,JAXST,RB,1,UAB,2,22,11,0,4,3,0,0,0,2.5
374,50028608,Brad Anderson,MTNST,RB,1,MONM,3,25,8.3,0,0,0,0,0,0,2.5
374,50058210,Jaquez Yant,NEBR,RB,1,FORDM,5,25,5,0,0,0,0,0,0,2.5
374,50028333,Timothy Taylor,TMRT,RB,1,WKENT,5,25,5,0,0,0,0,0,0,2.5
379,50033390,Jamyest Williams,GAST,RB,1,ARMY,6,24,4,0,0,0,0,0,0,2.4
379,50038287,Chase Brown,ILL,RB,1,NEBR,5,24,4.8,0,0,0,0,0,0,2.4
379,50048368,Kevin Perkins,NWST,RB,1,NTX,9,24,2.7,0,0,0,0,1,0,2.4
379,50060505,Brian Kowall,UCLA,RB,1,HAWAII,5,24,4.8,0,0,0,0,0,0,2.4
379,50007598,Gaej Walker,WILL,RB,1,BALLST,4,5,1.2,0,3,19,0,0,0,2.4
384,50048876,Billy Lucas,DUQ,RB,1,TCU,7,23,3.3,0,0,0,0,0,0,2.3
384,50064285,Donovan Jones,GARDWB,RB,1,GAS,3,23,7.7,0,0,0,0,0,0,2.3
384,50036681,Jakari Norwood,ILL,RB,1,NEBR,3,16,5.3,0,1,7,0,0,0,2.3
384,50048273,Velton Gardner,KAN,RB,1,SDAK,19,21,1.1,0,1,2,0,0,0,2.3
384,50048938,Rayquan Smith,NORFST,RB,1,TOLEDO,9,23,2.6,0,0,0,0,0,0,2.3
384,50063780,Patrick Smith,VAND,RB,1,ETNST,3,13,4.3,0,1,10,0,0,0,2.3
384,50048501,Titus Swen,WYOM,RB,1,MONST,5,14,2.8,0,1,9,0,0,0,2.3
391,50067918,Sean Jackson,AUBRN,RB,1,AKRON,2,22,11,0,0,0,0,0,0,2.2
391,50065577,Michael Jamerson,CAMP,RB,1,LIBRTY,8,22,2.8,0,0,0,0,1,0,2.2
391,50046708,Joe Davis,COL,RB,1,NCOL,5,22,4.4,0,0,0,0,0,0,2.2
391,50037973,Ta'Zhawn Henry,HOU,RB,1,TXTECH,2,-2,-1,0,4,24,0,0,0,2.2
391,50055407,David Afari,MIAOH,RB,1,CIN,7,22,3.1,0,0,0,0,0,0,2.2
391,50031279,Josh Davis,WEBST,RB,1,UTAH,7,17,2.4,0,2,5,0,1,1,2.2
397,50056962,Isaiah Connelly,COAST,RB,1,CITA,4,21,5.2,0,0,0,0,0,0,2.1
397,50030887,Dreshawn Minnieweather,HOUBAP,RB,1,NMX,5,21,4.2,0,0,0,0,0,0,2.1
397,50048083,Eric Gray,OKL,RB,1,TULANE,9,27,3,0,1,-6,0,0,0,2.1
397,50048178,Kelley Joiner,SFL,RB,1,NCST,3,19,6.3,0,1,2,0,0,0,2.1
397,50032614,Craig Nelson,SOUTH,RB,1,TROY,3,7,2.3,0,2,14,0,0,0,2.1
397,50061206,Dayne Christensen,SUTAH,RB,1,SJST,6,21,3.5,0,0,0,0,0,0,2.1
397,50056917,Johnny Richardson,UCF,RB,1,BOISE,4,21,5.2,0,0,0,0,0,0,2.1
404,50055421,Donny Marcus,BALLST,RB,1,WILL,4,17,4.2,0,1,3,0,0,0,2
404,50027409,Alec Sinkfield,BOSCOL,RB,1,COLG,6,20,3.3,0,0,0,0,0,0,2
404,50054699,Demarkcus Bowman,FL,RB,1,FLATL,4,20,5,0,0,0,0,0,0,2
404,50056886,Blake Bedwell,SMU,RB,1,ABCHR,4,20,5,0,0,0,0,0,0,2
404,50028972,Darius Maberry,SOUMIS,RB,1,SALA,4,20,5,0,0,0,0,1,1,2
404,50054844,Jordan Lowe,TOLEDO,RB,1,NORFST,5,20,4,0,0,0,0,0,0,2
410,50029252,Josh Samuel,JAXST,RB,1,UAB,4,13,3.2,0,1,6,0,0,0,1.9
410,50046430,Bryan Bradford,KENTST,RB,1,TXAM,4,24,6,0,1,-5,0,0,0,1.9
410,50045694,Josh Williams,LSU,RB,1,UCLA,1,2,2,0,1,17,0,0,0,1.9
410,50046298,Rahmir Johnson,NEBR,RB,1,FORDM,5,19,3.8,0,0,0,0,0,0,1.9
410,50042849,Alex Escobar,NMXST,RB,1,SDST,0,0,0,0,1,19,0,0,0,1.9
410,50040128,Cameryn Brent,NORFST,RB,1,TOLEDO,10,19,1.9,0,0,0,0,0,0,1.9
410,50046288,Marcus Crowley,OHIOST,RB,1,MINNST,6,19,3.2,0,0,0,0,0,0,1.9
410,50061160,Jalynnee McGee,PORTST,RB,1,HAWAII,7,10,1.4,0,1,9,0,1,1,1.9
410,50038370,Ari Broussard,RICE,RB,1,ARK,6,19,3.2,0,0,0,0,0,0,1.9
410,50005282,Abdul Adams,SYRA,RB,1,OHIO,3,19,6.3,0,0,0,0,0,0,1.9
410,50055476,Elelyon Noa,UTAHST,RB,1,WASHST,10,19,1.9,0,0,0,0,0,0,1.9
421,50069184,Quae Walton,ABCHR,RB,1,SMU,2,15,7.5,0,1,3,0,1,0,1.8
421,50054500,Roydell Williams,ALA,RB,1,MIA,6,18,3,0,0,0,0,1,0,1.8
421,50062523,Xavier Coleman,BOSCOL,RB,1,COLG,4,11,2.8,0,1,7,0,0,0,1.8
421,50062770,Will Shipley,CLMSN,RB,1,GA,4,7,1.8,0,1,11,0,0,0,1.8
421,50002272,Amir Rasul,MTNST,RB,1,MONM,7,18,2.6,0,0,0,0,0,0,1.8
421,50057768,Earnest Crownover,TXAM,RB,1,KENTST,3,18,6,0,0,0,0,0,0,1.8
421,50067102,Devin Darrington,VIR,RB,1,WM,3,18,6,0,0,0,0,0,0,1.8
428,50026549,Markenzy Pierre,EILL,RB,1,SC,6,11,1.8,0,2,6,0,0,0,1.7
428,50062534,Gabe Ervin Jr.,NEBR,RB,1,FORDM,6,17,2.8,0,0,0,0,0,0,1.7
428,50064640,Anthony Tyus III,NW,RB,1,MST,8,13,1.6,0,2,4,0,0,0,1.7
428,50055481,Shamar Garrett,SJST,RB,1,SUTAH,2,17,8.5,0,0,0,0,1,1,1.7
432,50064470,Brendan Cassamajor,COLG,RB,1,BOSCOL,7,16,2.3,0,0,0,0,0,0,1.6
432,50062821,Josh McCray,ILL,RB,1,UTSA,5,16,3.2,0,0,0,0,0,0,1.6
432,50068398,Kevin Wilson,LIUB,RB,1,FLINT,6,16,2.7,0,0,0,0,0,0,1.6
432,50036234,Hassan Hall,LOU,RB,1,MISS,6,16,2.7,0,0,0,0,1,1,1.6
432,50038455,Kavosiey Smoke,UK,RB,1,LAMON,5,16,3.2,0,0,0,0,1,1,1.6
437,50028707,Davion Johnson,MIAOH,RB,1,CIN,4,10,2.5,0,3,5,0,0,0,1.5
437,50053400,Travien Benjamin,SOUTH,RB,1,TROY,3,15,5,0,0,0,0,0,0,1.5
437,50048731,Thomas Duckett,SUTAH,RB,1,ARZST,0,0,0,0,2,15,0,0,0,1.5
437,50036054,Kyle Dobbins,TEMPL,RB,1,RUTGER,4,15,3.8,0,0,0,0,0,0,1.5
437,50033453,C.J. Jones,WKENT,RB,1,TMRT,0,0,0,0,1,15,0,0,0,1.5
437,50058439,DreSean Kendrick,WM,RB,1,VIR,10,14,1.4,0,1,1,0,0,0,1.5
443,50057492,Jermiah Dobbins,ABCHR,RB,1,SMU,7,14,2,0,0,0,0,0,0,1.4
443,50042668,Cade Barnard,ARMY,RB,1,GAST,3,14,4.7,0,0,0,0,0,0,1.4
443,50054059,Ethan Wright,CIN,RB,1,MIAOH,2,4,2,0,1,10,0,0,0,1.4
443,50045735,Kenny McIntosh,GA,RB,1,CLMSN,3,5,1.7,0,1,9,0,0,0,1.4
443,50040217,Chris Childers,IND,RB,1,IOWA,2,14,7,0,0,0,0,0,0,1.4
443,50046395,Dezmon Jackson,OKST,RB,1,MSRST,3,14,4.7,0,0,0,0,1,1,1.4
443,50026527,Todd Sibley Jr.,PITT,RB,1,UMASS,2,14,7,0,0,0,0,0,0,1.4
443,50063810,Jaylen Wright,TENN,RB,1,BOWLGR,4,14,3.5,0,0,0,0,0,0,1.4
443,50049143,Zak Wallace,TMRT,RB,1,WKENT,6,14,2.3,0,0,0,0,1,1,1.4
443,50027625,Caleb Twyford,TXST,RB,1,BAYL,8,10,1.2,0,2,4,0,0,0,1.4
443,50061254,Lan Larison,UCDV,RB,1,TULSA,9,14,1.6,0,0,0,0,1,0,1.4
443,50054120,Quinton Cooley,WAKE,RB,1,OLD,3,14,4.7,0,0,0,0,0,0,1.4
443,50067515,Zahir Abdus-Salaam,WMICH,RB,1,MICH,3,14,4.7,0,0,0,0,0,0,1.4
456,50058905,Terion Stewart,BOWLGR,RB,1,TENN,7,13,1.9,0,1,0,0,0,0,1.3
456,50054702,Kobe Pace,CLMSN,RB,1,GA,4,7,1.8,0,1,6,0,0,0,1.3
456,50037131,A'Jon Vivens,COLST,RB,1,SDKST,3,11,3.7,0,1,2,0,0,0,1.3
456,50048227,Leon Franklin,MICH,RB,1,WMICH,3,13,4.3,0,0,0,0,0,0,1.3
456,50061157,Jobi Malary,PORTST,RB,1,HAWAII,4,13,3.2,0,0,0,0,0,0,1.3
456,50049033,Prince Hall,WAG,RB,1,BUF,2,13,6.5,0,0,0,0,0,0,1.3
462,50012413,C.J. Freeman,CAMP,RB,1,LIBRTY,8,12,1.5,0,0,0,0,0,0,1.2
462,50059644,Harrison Bey-Buie,EILL,RB,1,SC,5,12,2.4,0,0,0,0,0,0,1.2
462,50054952,Jalen White,GAS,RB,1,GARDWB,4,12,3,0,0,0,0,0,0,1.2
462,50027979,Chase Hayden,ILL,RB,1,NEBR,4,12,3,0,0,0,0,0,0,1.2
462,50055228,Tim Baldwin Jr.,IND,RB,1,IOWA,6,12,2,0,0,0,0,0,0,1.2
462,50039066,Troy Henderson,LIBRTY,RB,1,CAMP,5,12,2.4,0,0,0,0,0,0,1.2
462,50041887,Harold Joiner,MST,RB,1,NW,3,12,4,0,0,0,0,1,1,1.2
462,50041481,Trevor Morgan,NWST,RB,1,NTX,1,12,12,0,0,0,0,0,0,1.2
462,50048586,Terrion Avery,SALA,RB,1,SOUMIS,10,12,1.2,0,0,0,0,0,0,1.2
471,50063814,George Hart III,ARZST,RB,1,SUTAH,4,11,2.8,0,0,0,0,0,0,1.1
471,50003855,LaDerrien Wilson,BCOOK,RB,1,UTEP,4,11,2.8,0,0,0,0,0,0,1.1
471,50048383,Kelvin Dean Jr.,FLATL,RB,1,FL,1,0,0,0,1,11,0,0,0,1.1
471,50046429,Joachim Bangda,KENTST,RB,1,TXAM,6,11,1.8,0,0,0,0,0,0,1.1
471,50062741,Trevion Cooley,LOU,RB,1,MISS,3,11,3.7,0,0,0,0,0,0,1.1
471,50045747,Keyon Henry-Brooks,LOUTCH,RB,1,MSPST,2,1,0.5,0,1,10,0,0,0,1.1
471,50057336,Greg Garner,LOUTCH,RB,1,MSPST,4,11,2.8,0,0,0,0,0,0,1.1
471,50046298,Rahmir Johnson,NEBR,RB,1,ILL,4,11,2.8,0,0,0,0,0,0,1.1
471,50029790,Tyler Hoosman,NIOWA,RB,1,IOWAST,3,8,2.7,0,1,3,0,0,0,1.1
471,50033713,Kaegun Williams,SDST,RB,1,NMXST,3,11,3.7,0,0,0,0,0,0,1.1
471,50037808,Jarveon Howard,SYRA,RB,1,OHIO,1,3,3,0,1,8,0,0,0,1.1
471,50024284,Ethan Fernea,UCLA,RB,1,HAWAII,4,11,2.8,0,0,0,0,0,0,1.1
471,50007104,Quardraiz Wadley,UTEP,RB,1,BCOOK,4,11,2.8,0,0,0,0,0,0,1.1
484,50059045,Jorden Gidrey,AIRF,RB,1,LAFAY,2,10,5,0,0,0,0,0,0,1
484,50036287,Lyn-J Dixon,CLMSN,RB,1,GA,1,10,10,0,0,0,0,0,0,1
484,50007738,James Charles,FLATL,RB,1,FL,2,10,5,0,0,0,0,0,0,1
484,50043531,Tucker Gregg,GAST,RB,1,ARMY,0,0,0,0,1,10,0,0,0,1
484,50055412,Kevin Davis,MIAOH,RB,1,CIN,4,10,2.5,0,0,0,0,0,0,1
484,50028677,Andrew Clair,NW,RB,1,MST,4,14,3.5,0,1,-4,0,0,0,1
484,50046305,Marcus Cisco,NW,RB,1,MST,3,10,3.3,0,0,0,0,0,0,1
484,50054045,Nathan Carter,UCONN,RB,1,FREST,8,10,1.2,0,0,0,0,0,0,1
484,50036768,T.J. Pledger,UTAH,RB,1,WEBST,2,10,5,0,0,0,0,0,0,1
493,50039978,John Cox,COLG,RB,1,BOSCOL,2,9,4.5,0,0,0,0,0,0,0.9
493,50038997,Isaiah Lewis,EWASH,RB,1,UNLV,1,2,2,0,1,7,0,0,0,0.9
493,50045723,Nay'Quan Wright,FL,RB,1,FLATL,3,5,1.7,0,1,4,0,0,0,0.9
493,50046362,Jirehl Brock,IOWAST,RB,1,NIOWA,2,9,4.5,0,0,0,0,0,0,0.9
493,50070040,Andrew Henry,LAMON,RB,1,UK,8,9,1.1,0,0,0,0,0,0,0.9
493,50046226,Delbert Mimms III,NCST,RB,1,SFL,1,9,9,0,0,0,0,0,0,0.9
493,50048747,Isaiah Williams,SUTAH,RB,1,ARZST,0,0,0,0,2,9,0,0,0,0.9
493,50046513,Jayvaun Wilson,UNLV,RB,1,EWASH,1,9,9,0,0,0,0,0,0,0.9
493,50028464,Jakairi Moses,WKENT,RB,1,TMRT,2,9,4.5,0,0,0,0,0,0,0.9
493,50044126,Elijah Burns,WM,RB,1,VIR,4,9,2.2,0,0,0,0,0,0,0.9
493,50058440,Mattijs Lasore,WM,RB,1,VIR,3,9,3,0,0,0,0,0,0,0.9
504,50051798,Logan Braucht,CITA,RB,1,COAST,2,8,4,0,0,0,0,0,0,0.8
504,50059336,DaMon Macklin,DUQ,RB,1,TCU,3,8,2.7,0,0,0,0,0,0,0.8
504,50039003,Micah Smith,EWASH,RB,1,UNLV,2,8,4,0,0,0,0,0,0,0.8
504,50048206,Domonhic Jennings,LIUB,RB,1,FLINT,5,8,1.6,0,0,0,0,0,0,0.8
504,50053864,Lovell Armstead,STFPA,RB,1,EMICH,3,8,2.7,0,0,0,0,0,0,0.8
504,50061207,Jordan Jefferson,SUTAH,RB,1,ARZST,1,8,8,0,0,0,0,0,0,0.8
504,50038468,Chris Curry,UTAH,RB,1,WEBST,3,8,2.7,0,0,0,0,0,0,0.8
511,50032802,Jakyle Holmes,LAMON,RB,1,UK,3,7,2.3,0,0,0,0,0,0,0.7
511,50068387,Shemar Paul,LIUB,RB,1,FLINT,8,7,0.9,0,0,0,0,0,0,0.7
511,50055355,Harlan Dixon,LOUTCH,RB,1,MSPST,1,0,0,0,2,7,0,0,0,0.7
511,50029873,Myron Mason,MSRST,RB,1,OKST,3,7,2.3,0,0,0,0,0,0,0.7
511,50042849,Alex Escobar,NMXST,RB,1,UTEP,1,7,7,0,0,0,0,0,0,0.7
511,50048216,King Doerue,PUR,RB,1,OREGST,5,7,1.4,0,0,0,0,1,0,0.7
511,50033711,Chance Bell,SDST,RB,1,NMXST,7,7,1,0,0,0,0,0,0,0.7
511,50046630,Anthony Watkins,TULSA,RB,1,UCDV,2,7,3.5,0,0,0,0,0,0,0.7
511,50054127,Ellis Merriweather,UMASS,RB,1,PITT,3,3,1,0,1,4,0,0,0,0.7
511,50060327,Jared Chisari,UMASS,RB,1,PITT,1,7,7,0,0,0,0,0,0,0.7
511,50046141,Mike Hollins,VIR,RB,1,WM,2,5,2.5,0,1,2,0,0,0,0.7
511,50061269,Brown Anglin,WAG,RB,1,BUF,5,7,1.4,0,0,0,0,0,0,0.7
511,50001713,Trey Smith,WYOM,RB,1,MONST,3,7,2.3,0,0,0,0,0,0,0.7
524,50061527,Owen Burk,AIRF,RB,1,LAFAY,1,6,6,0,0,0,0,0,0,0.6
524,50061080,Deonce Elliott,ARZST,RB,1,SUTAH,3,6,2,0,0,0,0,0,0,0.6
524,50037769,Lorenzo Lingard,FL,RB,1,FLATL,2,6,3,0,0,0,0,0,0,0.6
524,50047316,Jacardia Wright,KANST,RB,1,STAN,1,6,6,0,0,0,0,0,0,0.6
524,50066913,Michael Hayes,LAFAY,RB,1,AIRF,3,6,2,0,0,0,0,0,0,0.6
524,50062113,Jaden Shirden,MONM,RB,1,MTNST,8,6,0.8,0,0,0,0,1,1,0.6
524,50054444,Casey Filkins,STAN,RB,1,KANST,0,0,0,0,1,6,0,0,0,0.6
524,50039327,Karris Davis,SUTAH,RB,1,ARZST,5,6,1.2,0,0,0,0,0,0,0.6
532,50069181,Anthony Smith,ABCHR,RB,1,SMU,2,5,2.5,0,0,0,0,0,0,0.5
532,50053603,Ryan Razzano,BUF,RB,1,WAG,1,5,5,0,0,0,0,0,0,0.5
532,50066033,Antonio Cortez Feria,FORDM,RB,1,NEBR,2,5,2.5,0,0,0,0,0,0,0.5
532,50049342,D.J. Hancock,GARDWB,RB,1,GAS,1,5,5,0,0,0,0,0,0,0.5
532,50049401,Jordan Forrest,HOLY,RB,1,UCONN,3,5,1.7,0,0,0,0,0,0,0.5
532,50062632,Alton McCaskill,HOU,RB,1,TXTECH,4,5,1.2,0,1,0,0,0,0,0.5
532,50057824,Ron Wiggins,JAXST,RB,1,UAB,4,1,0.2,0,1,4,0,0,0,0.5
532,50004233,Bradrick Shaw,NIOWA,RB,1,IOWAST,2,5,2.5,0,0,0,0,0,0,0.5
532,50046697,Deryl Reynolds,TCU,RB,1,DUQ,3,5,1.7,0,0,0,0,0,0,0.5
532,50027218,Larry Wooden,UAB,RB,1,JAXST,2,5,2.5,0,0,0,0,0,0,0.5
532,50026470,Robert Burns,UCONN,RB,1,FREST,3,5,1.7,0,0,0,0,0,0,0.5
532,50054043,Brian Brewton,UCONN,RB,1,FREST,1,4,4,0,1,1,0,0,0,0.5
532,50054123,Ahmani Marshall,WAKE,RB,1,OLD,4,5,1.2,0,0,0,0,0,0,0.5
545,50059660,Kendi Young,EILL,RB,1,SC,4,4,1,0,0,0,0,0,0,0.4
545,50046331,Cam Wiley,MINNST,RB,1,OHIOST,3,4,1.3,0,0,0,0,0,0,0.4
545,50062105,Jamir Barnes,MONM,RB,1,MTNST,4,4,1,0,0,0,0,0,0,0.4
545,50036345,Trent Pennix,NCST,RB,1,SFL,0,0,0,0,1,4,0,0,0,0.4
545,50048345,Keshawn Wicks,OLD,RB,1,WAKE,1,4,4,0,0,0,0,0,0,0.4
545,50060394,Dylan Downing,PUR,RB,1,OREGST,1,6,6,0,1,-2,0,0,0,0.4
545,50057860,Bradley Dunn,SC,RB,1,EILL,2,4,2,0,0,0,0,0,0,0.4
545,50066929,Amar Johnson,SDKST,RB,1,COLST,3,4,1.3,0,0,0,0,0,0,0.4
545,50045669,Travis Tisdale,UK,RB,1,LAMON,1,4,4,0,0,0,0,0,0,0.4
545,50056408,Willie Eldridge,UTEP,RB,1,NMXST,4,4,1,0,0,0,0,0,0,0.4
555,50041364,Cameron Myers,CARK,RB,1,ARKST,3,3,1,0,0,0,0,0,0,0.3
555,50043915,Sam Llewellyn,CITA,RB,1,COAST,1,3,3,0,0,0,0,0,0,0.3
555,50043878,DJ Twitty,ETNST,RB,1,VAND,1,3,3,0,0,0,0,0,0,0.3
555,50048153,James Phillips,HAWAII,RB,1,UCLA,1,-6,-6,0,2,9,0,0,0,0.3
555,50055223,Gavin Williams,IOWA,RB,1,IND,1,3,3,0,0,0,0,0,0,0.3
555,50064826,Jon-Luke Peaker,OLD,RB,1,WAKE,1,3,3,0,0,0,0,0,0,0.3
555,50048731,Thomas Duckett,SUTAH,RB,1,SJST,0,0,0,0,1,3,0,0,0,0.3
555,50061207,Jordan Jefferson,SUTAH,RB,1,SJST,2,3,1.5,0,0,0,0,0,0,0.3
555,50045973,Tayvon Ruley,TEMPL,RB,1,RUTGER,2,3,1.5,0,0,0,0,0,0,0.3
555,50009742,Jaxson Kincaide,WMICH,RB,1,MICH,1,3,3,0,2,0,0,0,0,0.3
565,50059241,Justice Jackson,EWASH,RB,1,UNLV,3,2,0.7,0,0,0,0,0,0,0.2
565,50048384,Larry McCammon III,FLATL,RB,1,FL,1,2,2,0,0,0,0,0,0,0.2
565,50054864,Malik Sherrod,FREST,RB,1,UCONN,3,2,0.7,0,0,0,0,0,0,0.2
565,50046384,Joe Ervin,KANST,RB,1,STAN,5,2,0.4,0,0,0,0,0,0,0.2
565,50063276,Caleb Hood,NCAR,RB,1,VTECH,1,2,2,0,0,0,0,0,0,0.2
565,50046297,Cooper Jewett,NEBR,RB,1,FORDM,1,2,2,0,0,0,0,0,0,0.2
565,50048482,Chad Alexander,NMX,RB,1,HOUBAP,1,2,2,0,0,0,0,0,0,0.2
565,50046202,Keshawn King,VTECH,RB,1,NCAR,3,2,0.7,0,0,0,0,1,1,0.2
565,50061272,Chris Collier,WAG,RB,1,BUF,3,2,0.7,0,1,0,0,0,0,0.2
574,50063644,Jaison Patterson,BOWLGR,RB,1,TENN,1,1,1,0,0,0,0,0,0,0.1
574,50054937,Marcus Carroll,GAST,RB,1,ARMY,3,1,0.3,0,0,0,0,0,0,0.1
574,50048133,Davion Ervin-Poindexter,IND,RB,1,IOWA,2,1,0.5,0,0,0,0,0,0,0.1
574,50063443,Devin Neal,KAN,RB,1,SDAK,1,1,1,0,0,0,0,0,0,0.1
574,50048334,Knowledge McDaniel,MARSH,RB,1,NAVY,1,1,1,0,0,0,0,0,0,0.1
574,50069252,Junior Bergen,MONT,RB,1,WASH,2,1,0.5,0,0,0,0,0,0,0.1
574,50038419,Deshaun Fenwick,OREGST,RB,1,PUR,1,1,1,0,0,0,0,0,0,0.1
574,50048252,Devyn Ford,PENNST,RB,1,WISC,1,1,1,0,0,0,0,0,0,0.1
574,50054705,Trey Blair,TEMPL,RB,1,RUTGER,2,-4,-2,0,1,5,0,0,0,0.1
574,50045799,A.J. Gates,UAB,RB,1,JAXST,2,1,0.5,0,0,0,0,0,0,0.1
574,50026470,Robert Burns,UCONN,RB,1,HOLY,2,1,0.5,0,0,0,0,0,0,0.1
585,50048944,Jimmie Robinson III,BCOOK,RB,1,UTEP,0,0,0,0,0,0,0,0,0,0
585,50052834,PaSean Wimberly,BOWLGR,RB,1,TENN,0,0,0,0,0,0,0,0,0,0
585,50039109,DeAnte Jackson,CAMP,RB,1,LIBRTY,0,0,0,0,0,0,0,0,0,0
585,50055498,Jayle Stacks,COL,RB,1,NCOL,0,0,0,0,0,0,0,0,0,0
585,50062646,G'Mone Wilson,ECAR,RB,1,APPLST,0,0,0,0,0,0,0,0,0,0
585,50054092,Corey Wren,FLST,RB,1,ND,0,0,0,0,0,0,0,0,0,0
585,50063077,Jaquan Dixon,GAST,RB,1,ARMY,0,0,0,0,0,0,0,0,0,0
585,50058883,Dior Scott,HAWAII,RB,1,PORTST,0,0,0,0,0,0,0,0,0,0
585,50064791,Jordan Johnson,HAWAII,RB,1,PORTST,0,0,0,0,0,0,0,0,0,0
585,50027036,Rory Walling,IOWAST,RB,1,NIOWA,0,0,0,0,0,0,0,0,0,0
585,50039125,Isaiah Phillips,LAMON,RB,1,UK,7,0,0,0,0,0,0,0,0,0
585,50032901,Maurice Burkley,LOU,RB,1,MISS,0,0,0,0,0,0,0,0,0,0
585,50055416,Quadre Nicholson,MIAOH,RB,1,CIN,0,0,0,0,0,0,0,0,0,0
585,50056617,Kentrel Bullock,MISS,RB,1,LOU,0,0,0,0,0,0,0,0,0,0
585,50029567,Jullen Ison,NCOL,RB,1,COL,0,0,0,0,0,0,0,1,0,0
585,50052905,Jaire Moore,NCOL,RB,1,COL,0,0,0,0,0,0,0,0,0,0
585,50068402,Vance McShane,NIOWA,RB,1,IOWAST,0,0,0,0,1,0,0,0,0,0
585,50059031,Bobby Wooden,NMX,RB,1,HOUBAP,0,0,0,0,0,0,0,0,0,0
585,50066950,Antonio Outler,SDAK,RB,1,KAN,0,0,0,0,0,0,0,0,0,0
585,50061937,Jakobi Jones,SOUTH,RB,1,TROY,0,0,0,0,0,0,0,0,0,0
585,50057785,Len'Neth Whitehead,TENN,RB,1,BOWLGR,0,0,0,0,0,0,0,0,0,0
585,50027554,Chadarius Townsend,TXTECH,RB,1,HOU,0,0,0,0,0,0,0,1,0,0
585,50024284,Ethan Fernea,UCLA,RB,1,LSU,0,0,0,0,0,0,0,0,0,0
585,50054047,Devontae Houston,UCONN,RB,1,HOLY,0,0,0,0,0,0,0,0,0,0
585,50054047,Devontae Houston,UCONN,RB,1,FREST,0,0,0,0,0,0,0,0,0,0
585,50042966,Chad Magyar,UNLV,RB,1,EWASH,0,0,0,0,0,0,0,0,0,0
585,50046514,Kenan Christon,USC,RB,1,SJST,0,0,0,0,0,0,0,0,0,0
585,50020896,Dave Jones,WEBST,RB,1,UTAH,1,0,0,0,0,0,0,0,0,0
585,50066957,Jaylen Reed,WILL,RB,1,BALLST,0,0,0,0,1,0,0,0,0,0
585,50067151,Braelon Allen,WISC,RB,1,PENNST,0,0,0,0,0,0,0,0,0,0
585,50041641,Jamale Carothers,WKENT,RB,1,TMRT,0,0,0,0,0,0,0,0,0,0
616,50058898,Taron Keith,BOWLGR,RB,1,TENN,1,-1,-1,0,1,0,0,0,0,-0.1
616,50046579,Nathaniel Peat,STAN,RB,1,KANST,3,3,1,0,1,-4,0,0,0,-0.1
618,50056815,Anderson Castle,APPLST,RB,1,ECAR,2,-2,-1,0,0,0,0,0,0,-0.2
618,50060905,Jalin Graham,GARDWB,RB,1,GAS,2,-2,-1,0,0,0,0,0,0,-0.2
618,50066907,Nahjee Adams,LAFAY,RB,1,AIRF,2,-2,-1,0,0,0,0,1,0,-0.2
618,50048497,Courtney Reese,UNLV,RB,1,EWASH,1,-2,-2,0,0,0,0,0,0,-0.2
622,50039242,Braxton George,NCOL,RB,1,COL,1,-4,-4,0,0,0,0,0,0,-0.4
622,50058215,Keyvone Lee,PENNST,RB,1,WISC,3,-4,-1.3,0,0,0,0,0,0,-0.4
624,50044283,Ean Beek,HOUBAP,RB,1,NMX,4,-7,-1.8,0,1,2,0,0,0,-0.5
624,50058107,Challen Faamatau,MARY,RB,1,WVIR,1,-5,-5,0,0,0,0,0,0,-0.5
624,50030491,Owen Wright,MONM,RB,1,MTNST,3,-1,-0.3,0,1,-4,0,1,1,-0.5
624,50048319,Tyetus Smith-Lindsey,UAB,RB,1,JAXST,1,-5,-5,0,0,0,0,0,0,-0.5
628,50040415,Jonathan Abrams,HOLY,RB,1,UCONN,2,-7,-3.5,0,0,0,0,1,1,-0.7
629,50048350,Micaleous Elder,MTNST,RB,1,MONM,2,-10,-5,0,0,0,0,0,0,-1
630,50064256,Xzavier Ford,HOUBAP,RB,1,NMX,3,-13,-4.3,0,0,0,0,1,1,-1.3
