Rank,PlayerID,Name,Team,Position,Week,Opponent,Receptions,ReceivingYards,ReceivingTouchdowns,ReceivingLong,ReceivingYardsPerReception,RushingAttempts,RushingYards,RushingYardsPerAttempt,RushingTouchdowns,Fumbles,FumblesLost,FantasyPoints
1,50049473,Dennis Houston,WILL,WR,1,BALLST,12,237,2,75,19.8,0,0,0,0,0,0,35.7
2,50054456,Kayshon Boutte,LSU,WR,1,UCLA,9,148,3,45,16.4,0,0,0,0,0,0,32.8
3,50054935,Corey Rucker,ARKST,WR,1,CARK,9,138,3,34,15.3,0,0,0,0,0,0,31.8
4,50028845,Justin Hall,BALLST,WR,1,WILL,8,137,2,49,17.1,4,12,3,0,1,1,26.9
5,50028096,Neil Pau'u,BYU,WR,1,ARZ,8,126,2,67,15.8,0,0,0,0,0,0,24.96
6,50059044,Micah Davis,AIRF,WR,1,LAFAY,2,27,0,17,13.5,4,101,25.2,2,0,0,24.8
7,50045607,Wan'Dale Robinson,UK,WR,1,LAMON,5,125,2,62,25,0,0,0,0,1,0,24.5
8,50067331,Grant DuBose,CHARLT,WR,1,DUKE,4,118,2,56,29.5,0,0,0,0,0,0,23.8
9,50045769,Dontario Drummond,MISS,WR,1,LOU,9,177,1,34,19.7,0,0,0,0,0,0,23.7
9,50036584,Chris Olave,OHIOST,WR,1,MINNST,4,117,2,61,29.2,0,0,0,0,0,0,23.7
11,50048557,Ainias Smith,TXAM,WR,1,KENTST,8,100,2,27,12.5,3,16,5.3,0,1,1,23.6
12,50025221,Samori Toure,NEBR,WR,1,FORDM,8,133,0,31,16.6,3,35,11.7,1,0,0,22.8
13,50044289,Jerreth Sterns,WKENT,WR,1,TMRT,7,107,2,36,15.3,0,0,0,0,0,0,22.7
14,50040855,T.J. Luther,GARDWB,WR,1,GAS,6,164,1,47,27.3,0,0,0,0,0,0,22.4
15,50028870,JaCorey Sullivan,CMICH,WR,1,MISSR,8,102,2,39,12.8,0,0,0,0,0,0,22.2
16,50056888,Danny Gray,SMU,WR,1,ABCHR,4,72,2,30,18,1,27,27,0,0,0,21.9
17,50042565,Khalil Shakir,BOISE,WR,1,UCF,5,91,2,24,18.2,1,7,7,0,0,0,21.8
17,50050797,Jacob Cowing,UTEP,WR,1,NMXST,5,158,1,72,31.6,0,0,0,0,0,0,21.8
19,50048403,Zakhari Franklin,UTSA,WR,1,ILL,10,155,1,25,15.5,0,0,0,0,0,0,21.5
20,50040442,Jadon Janke,SDKST,WR,1,COLST,6,92,2,46,15.3,0,0,0,0,0,0,21.2
21,50055350,Jaylin Lane,MTNST,WR,1,MONM,4,91,1,35,22.8,0,0,0,0,0,0,21.1
22,50028771,Bryce Singleton,FLINT,WR,1,LIUB,6,149,1,54,24.8,0,0,0,0,0,0,20.9
23,50049419,Julius Young,LAFAY,WR,1,AIRF,9,146,1,43,16.2,0,0,0,0,0,0,20.6
24,50030989,Lujuan Winningham,CARK,WR,1,ARKST,6,84,2,33,14,0,0,0,0,0,0,20.4
25,50036797,Jaylon Robinson,UCF,WR,1,BOISE,6,140,1,47,23.3,0,0,0,0,0,0,20
26,50046233,Zay Flowers,BOSCOL,WR,1,COLG,7,135,1,39,19.3,1,1,1,0,0,0,19.6
26,50033435,Josh Ali,UK,WR,1,LAMON,5,136,1,58,27.2,0,0,0,0,0,0,19.6
28,50036419,Jaivon Heiligh,COAST,WR,1,CITA,6,133,1,33,22.2,0,0,0,0,0,0,19.3
28,50041715,Dontay Demus Jr.,MARY,WR,1,WVIR,6,133,1,66,22.2,0,0,0,0,0,0,19.3
30,50064284,Justin Franklin,GARDWB,WR,1,GAS,6,72,1,17,12,0,0,0,0,0,0,19.2
30,50030079,Beau Kelly,PORTST,WR,1,HAWAII,6,132,1,47,22,0,0,0,0,0,0,19.2
32,50056382,Trea Shropshire,UAB,WR,1,JAXST,5,128,1,42,25.6,0,0,0,0,0,0,18.8
33,50045605,Jameson Williams,ALA,WR,1,MIA,4,126,1,94,31.5,0,0,0,0,0,0,18.6
34,50058113,Rakim Jarrett,MARY,WR,1,WVIR,6,122,1,60,20.3,1,2,2,0,1,0,18.4
35,50056263,Josh Downs,NCAR,WR,1,VTECH,8,123,1,37,15.4,0,0,0,0,0,0,18.3
36,50054048,Keelan Marion,UCONN,WR,1,HOLY,3,60,2,50,20,0,0,0,0,0,0,18
37,50037998,Erik Ezukanma,TXTECH,WR,1,HOU,7,179,0,50,25.6,0,0,0,0,0,0,17.9
38,50068371,Derick Eugene,LIUB,WR,1,FLINT,7,115,1,74,16.4,0,0,0,0,0,0,17.5
39,50027293,Thomas Hennigan,APPLST,WR,1,ECAR,4,114,1,68,28.5,0,0,0,0,0,0,17.4
39,50042921,Roderic Burns,NTX,WR,1,NWST,6,114,1,45,19,0,0,0,0,0,0,17.4
41,50046359,Jordan Whittington,TX,WR,1,LOULAF,7,113,1,41,16.1,0,0,0,0,0,0,17.3
42,50031941,Jalen Tolbert,SALA,WR,1,SOUMIS,5,168,0,49,33.6,0,0,0,0,0,0,16.8
42,50042981,Deven Thompkins,UTAHST,WR,1,WASHST,8,94,1,45,11.8,1,14,14,0,0,0,16.8
44,50029037,Tay Martin,OKST,WR,1,MSRST,6,107,1,27,17.8,0,0,0,0,0,0,16.7
45,50032629,Oliver Martin,NEBR,WR,1,ILL,6,103,1,43,17.2,0,0,0,0,0,0,16.3
46,50036659,Jahan Dotson,PENNST,WR,1,WISC,5,102,1,49,20.4,0,0,0,0,0,0,16.2
46,50031689,Colton Dowell,TMRT,WR,1,WKENT,6,102,1,27,17,0,0,0,0,0,0,16.2
48,50048469,Jalen Cropper,FREST,WR,1,UCONN,3,87,1,86,29,1,13,13,0,0,0,16
49,50042439,Nick Mardner,HAWAII,WR,1,PORTST,4,97,1,46,24.2,0,0,0,0,0,0,15.7
49,50038384,August Pitre III,RICE,WR,1,ARK,4,97,1,41,24.2,0,0,0,0,0,0,15.7
51,50038055,Tevailance Hunt,ARKST,WR,1,CARK,6,96,1,49,16,0,0,0,0,0,0,15.6
51,50048158,Jared Smart,HAWAII,WR,1,PORTST,4,96,1,67,24,0,0,0,0,0,0,15.6
53,50061155,Nate Bennett,PORTST,WR,1,HAWAII,5,95,1,39,19,0,0,0,0,0,0,15.5
54,50050368,Jerrod Means,LOUTCH,WR,1,MSPST,2,94,1,72,47,0,0,0,0,0,0,15.4
55,50055314,Lawrence Arnold,KAN,WR,1,SDAK,3,33,2,16,11,0,0,0,0,0,0,15.3
55,50026990,Quan Hampton,NIOWA,WR,1,IOWAST,8,99,1,52,12.4,2,-6,-3,0,0,0,15.3
57,50054963,Tez Johnson,TROY,WR,1,SOUTH,5,92,1,26,18.4,0,0,0,0,0,0,15.2
58,50033187,Victor Tucker,CHARLT,WR,1,DUKE,8,133,0,34,16.6,1,18,18,0,0,0,15.1
58,50041899,Kevin Austin Jr.,ND,WR,1,FLST,4,91,1,37,22.8,0,0,0,0,0,0,15.1
58,50045188,Devin Maddox,TOLEDO,WR,1,NORFST,2,91,1,84,45.5,0,0,0,0,0,0,15.1
61,50043461,Kobe Clark,ABCHR,WR,1,SMU,6,89,1,37,14.8,0,0,0,0,0,0,14.9
62,50042368,Kassidy Woods,NCOL,WR,1,COL,4,88,1,34,22,0,0,0,0,0,0,14.8
63,50039435,Nathaniel Dell,HOU,WR,1,TXTECH,7,80,1,24,11.4,1,5,5,0,1,0,14.5
63,50056969,A.J. Henning,MICH,WR,1,WMICH,1,11,0,11,11,1,74,74,1,0,0,14.5
65,50048203,Demario Douglas,LIBRTY,WR,1,CAMP,7,84,1,35,12,0,0,0,0,0,0,14.4
65,50036803,Stephon Robinson Jr.,NW,WR,1,MST,5,79,1,47,15.8,2,5,2.5,0,0,0,14.4
67,50037090,Romeo Doubs,NEVADA,WR,1,CAH,6,83,1,43,13.8,0,0,0,0,0,0,14.3
67,50027887,Daewood Davis,WKENT,WR,1,TMRT,2,83,1,73,41.5,0,0,0,0,0,0,14.3
69,50054056,Tyler Scott,CIN,WR,1,MIAOH,1,81,1,81,81,0,0,0,0,0,0,14.1
69,50037882,A.T. Perry,WAKE,WR,1,OLD,4,81,1,36,20.2,0,0,0,0,0,0,14.1
71,50054082,Ja'Khi Douglas,FLST,WR,1,ND,3,80,1,60,26.7,0,0,0,0,0,0,14
71,50046291,Garrett Wilson,OHIOST,WR,1,MINNST,5,80,1,56,16,0,0,0,0,0,0,14
73,50045634,Drake London,USC,WR,1,SJST,12,137,0,34,11.4,1,2,2,0,0,0,13.9
74,50046473,Charles Ross,SJST,WR,1,SUTAH,3,77,1,65,25.7,0,0,0,0,0,0,13.7
75,50045813,John Metchie III,ALA,WR,1,MIA,6,76,1,37,12.7,0,0,0,0,0,0,13.6
75,50035379,Jovany Ruiz,BUF,WR,1,WAG,3,76,1,63,25.3,0,0,0,0,0,0,13.6
75,50041766,Ronnie Bell,MICH,WR,1,WMICH,1,76,1,76,76,0,0,0,0,0,0,13.6
75,50027886,Johnny Johnson III,ORE,WR,1,FREST,3,76,1,32,25.3,0,0,0,0,0,0,13.6
75,50006493,Jared Harrell,UCDV,WR,1,TULSA,8,136,0,53,17,0,0,0,0,0,0,13.6
80,50064286,Justin Jordan,GARDWB,WR,1,GAS,5,74,1,50,14.8,0,0,0,0,0,0,13.4
80,50048213,David Bell,PUR,WR,1,OREGST,8,134,0,42,16.8,0,0,0,0,0,0,13.4
82,50068495,Keyonta Lanier,NMX,WR,1,HOUBAP,3,72,1,47,24,0,0,0,0,0,0,13.2
83,50052786,Christian Richmond,CARK,WR,1,ARKST,5,71,1,66,14.2,0,0,0,0,0,0,13.1
83,50029537,Lance McCutcheon,MONST,WR,1,WYOM,5,71,1,30,14.2,0,0,0,0,0,0,13.1
85,50034944,Caleb Snead,CAMP,WR,1,LIBRTY,4,70,1,40,17.5,0,0,0,0,0,0,13
86,50034081,Daylen Baldwin,MICH,WR,1,WMICH,1,69,1,69,69,0,0,0,0,0,0,12.9
87,50057347,Craig Burt Jr.,WKENT,WR,1,TMRT,2,68,1,54,34,0,0,0,0,0,0,12.8
88,50064837,Tyrese Chambers,FLINT,WR,1,LIUB,3,67,1,43,22.3,0,0,0,0,0,0,12.7
88,50029040,Jamire Calvin,MSPST,WR,1,LOUTCH,3,67,1,40,22.3,0,0,0,0,0,0,12.7
90,50042998,Jermaine Braddock,SJST,WR,1,SUTAH,2,66,1,43,33,0,0,0,0,0,0,12.6
91,50026685,Tyjon Lindsey,OREGST,WR,1,PUR,4,42,0,20,10.5,2,10,5,1,0,0,12.56
92,50059240,Efton Chism III,EWASH,WR,1,UNLV,3,65,1,33,21.7,0,0,0,0,0,0,12.5
92,50014552,Kendrick Price Jr.,NWST,WR,1,NTX,1,65,1,65,65,0,0,0,0,0,0,12.5
92,50054078,Demick Starling,VIR,WR,1,WM,1,65,1,65,65,0,0,0,0,0,0,12.5
95,50046588,Ricky Pearsall,ARZST,WR,1,SUTAH,2,27,0,22,13.5,1,26,26,1,0,0,12.46
96,50069042,Charles King,HOUBAP,WR,1,NMX,7,64,1,15,9.1,0,0,0,0,0,0,12.4
96,50056636,Jaden Walley,MSPST,WR,1,LOUTCH,4,64,1,17,16,0,0,0,0,0,0,12.4
96,50038565,Dominic Gicinto,NMXST,WR,1,SDST,7,64,1,25,9.1,0,0,0,0,0,0,12.4
99,50037389,Brycen Tremayne,STAN,WR,1,KANST,5,62,1,27,12.4,0,0,0,0,0,0,12.2
99,50048309,RaJae' Johnson-Sanders,UAB,WR,1,JAXST,3,62,1,46,20.7,0,0,0,0,0,0,12.2
99,50037270,Solomon Enis,UTAH,WR,1,WEBST,4,62,1,24,15.5,0,0,0,0,0,0,12.2
102,50037013,Brandon Robinson,FLATL,WR,1,FL,4,60,1,20,15,0,0,0,0,0,0,12
103,50030092,Mataio Talalemotu,PORTST,WR,1,HAWAII,2,59,1,38,29.5,0,0,0,0,0,0,11.9
104,50052785,Tyler Hudson,CARK,WR,1,ARKST,7,118,0,43,16.9,0,0,0,0,0,0,11.8
104,50057354,Mitchell Tinsley,WKENT,WR,1,TMRT,5,58,1,21,11.6,0,0,0,0,0,0,11.8
104,50048453,Corey Crooms,WMICH,WR,1,MICH,4,58,1,27,14.5,0,0,0,0,0,0,11.8
107,50048469,Jalen Cropper,FREST,WR,1,ORE,7,49,1,17,7,1,8,8,0,1,0,11.7
107,50045701,Dylan Wright,MINNST,WR,1,OHIOST,5,57,1,13,11.4,0,0,0,0,0,0,11.7
107,50055313,Marvin Mims,OKL,WR,1,TULANE,5,117,0,50,23.4,0,0,0,0,1,0,11.7
107,50053892,Kahtero Summers,STFPA,WR,1,EMICH,5,117,0,51,23.4,0,0,0,0,0,0,11.7
107,50028588,Jaetavian Toles,TULANE,WR,1,OKL,2,42,0,31,21,1,15,15,1,0,0,11.7
112,50054672,Marcell Barbee,TXST,WR,1,BAYL,4,56,1,21,14,0,0,0,0,0,0,11.6
112,50045502,Tahj Washington,USC,WR,1,SJST,4,56,1,29,14,0,0,0,0,0,0,11.6
114,50054694,Xavier Restrepo,MIA,WR,1,ALA,3,55,1,29,18.3,0,0,0,0,0,0,11.5
115,50029098,BJ Casteel,ARZ,WR,1,BYU,5,53,1,29,10.6,0,0,0,0,0,0,11.3
116,50006050,Corey Sutton,APPLST,WR,1,ECAR,4,52,1,18,13,0,0,0,0,0,0,11.2
116,50027281,Malik Murray,ETNST,WR,1,VAND,3,52,1,43,17.3,0,0,0,0,0,0,11.2
116,50044155,Smoke Harris,LOUTCH,WR,1,MSPST,4,52,1,24,13,0,0,0,0,0,0,11.2
116,50033082,Bo Melton,RUTGER,WR,1,TEMPL,6,59,1,40,9.8,1,-7,-7,0,0,0,11.2
120,50045427,Ja'Varrius Johnson,AUBRN,WR,1,AKRON,3,51,1,34,17,0,0,0,0,0,0,11.1
120,50056290,Jaivian Lofton,LIBRTY,WR,1,CAMP,3,51,1,27,17,0,0,0,0,0,0,11.1
120,50035140,Justin Smith,NORFST,WR,1,TOLEDO,2,48,1,47,24,1,3,3,0,0,0,11.1
123,50046174,Joseph Ngata,CLMSN,WR,1,GA,6,110,0,44,18.3,0,0,0,0,0,0,11
124,50046321,Isaiah Williams,ILL,WR,1,NEBR,6,41,1,14,6.8,2,8,4,0,0,0,10.9
124,50039936,Kyle Philips,UCLA,WR,1,LSU,2,49,1,45,24.5,0,0,0,0,0,0,10.9
126,50050783,DJ England-Chisolm,MTNST,WR,1,MONM,2,42,1,29,21,1,6,6,0,0,0,10.8
126,50040850,Cedric Tillman,TENN,WR,1,BOWLGR,2,48,1,40,24,0,0,0,0,0,0,10.8
128,50030506,Ezrah Archie,MONM,WR,1,MTNST,5,47,1,22,9.4,0,0,0,0,0,0,10.7
128,50028358,Calvin Austin III,MPHS,WR,1,NICHLS,6,47,1,15,7.8,0,0,0,0,0,0,10.7
128,50031807,Dai'Jean Dixon,NICHLS,WR,1,MPHS,7,107,0,22,15.3,0,0,0,0,0,0,10.7
128,50013502,Brandon Johnson,UCF,WR,1,BOISE,5,47,1,12,9.4,0,0,0,0,0,0,10.7
132,50029448,Andrew Boston,EWASH,WR,1,UNLV,6,106,0,46,17.7,0,0,0,0,0,0,10.6
132,50045485,Javon Ivory,MPHS,WR,1,NICHLS,5,106,0,32,21.2,0,0,0,0,0,0,10.6
132,50006755,CJ Windham,MTNST,WR,1,MONM,5,46,1,18,9.2,0,0,0,0,0,0,10.6
132,50026630,Jaquarii Roberson,WAKE,WR,1,OLD,6,46,1,19,7.7,0,0,0,0,1,0,10.6
136,50046292,Darien Chase,PORTST,WR,1,HAWAII,6,105,0,26,17.5,0,0,0,0,0,0,10.5
136,50038088,Justin Garrett,UTEP,WR,1,BCOOK,5,45,1,14,9,0,0,0,0,0,0,10.5
136,50057348,Malachi Corley,WKENT,WR,1,TMRT,5,51,1,40,10.2,1,-6,-6,0,0,0,10.5
139,50028732,Keylon Stokes,TULSA,WR,1,UCDV,4,95,0,61,23.8,1,9,9,0,1,1,10.4
140,50046487,Dante Wright,COLST,WR,1,SDKST,6,103,0,36,17.2,0,0,0,0,0,0,10.3
141,50028009,Tyson Morris,ARK,WR,1,RICE,3,42,1,31,14,0,0,0,0,0,0,10.2
141,50029137,Stanley Berryhill III,ARZ,WR,1,BYU,12,102,0,19,8.5,0,0,0,0,1,0,10.2
141,50038191,Jerome Buckner,OHIO,WR,1,SYRA,7,102,0,39,14.6,0,0,0,0,0,0,10.2
144,50056129,Kobe Hudson,AUBRN,WR,1,AKRON,2,41,1,28,20.5,0,0,0,0,0,0,10.1
144,50046321,Isaiah Williams,ILL,WR,1,UTSA,8,101,0,25,12.6,0,0,0,0,0,0,10.1
144,50064665,Mario Williams,OKL,WR,1,TULANE,6,37,1,16,6.2,0,0,0,0,0,0,10.1
147,50054928,Kyren Lacy,LOULAF,WR,1,TX,3,40,1,19,13.3,0,0,0,0,0,0,10
147,50041082,Talik Keaton,MARSH,WR,1,NAVY,5,100,0,47,20,0,0,0,0,0,0,10
147,50038389,Tyrone Scott,MSRST,WR,1,OKST,3,40,1,23,13.3,0,0,0,0,0,0,10
147,50056279,Jordan Addison,PITT,WR,1,UMASS,5,40,1,23,8,0,0,0,0,0,0,10
151,50027746,Danny Davis III,WISC,WR,1,PENNST,8,99,0,23,12.4,0,0,0,0,0,0,9.9
152,50042513,Fotis Kokosioulis,FORDM,WR,1,NEBR,3,30,1,31,10,2,8,4,0,0,0,9.8
152,50049294,K.J. Franklin,NICHLS,WR,1,MPHS,5,38,1,11,7.6,0,0,0,0,0,0,9.8
154,50028915,Quian Williams,BUF,WR,1,WAG,5,96,0,37,19.2,0,0,0,0,0,0,9.6
154,50012916,Rick Wells,FL,WR,1,FLATL,5,36,1,13,7.2,0,0,0,0,0,0,9.6
154,50049398,Ayir Asante,HOLY,WR,1,UCONN,2,36,1,24,18,0,0,0,0,0,0,9.6
157,50045940,Rashee Rice,SMU,WR,1,ABCHR,2,35,1,30,17.5,0,0,0,0,0,0,9.5
157,50063235,Deshon Stoudemire,TROY,WR,1,SOUTH,2,35,1,18,17.5,0,0,0,0,0,0,9.5
159,50041078,Corey Gammage,MARSH,WR,1,NAVY,7,94,0,22,13.4,0,0,0,0,0,0,9.4
159,50054412,Tory Horton,NEVADA,WR,1,CAH,3,94,0,46,31.3,0,0,0,0,0,0,9.4
159,50046149,Dontayvion Wicks,VIR,WR,1,WM,4,94,0,30,23.5,0,0,0,0,0,0,9.4
162,50027022,R.J. Sneed,BAYL,WR,1,TXST,6,92,0,26,15.3,0,0,0,0,0,0,9.2
162,50036309,Malachi Carter,GTECH,WR,1,NILL,6,92,0,53,15.3,0,0,0,0,0,0,9.2
162,50053876,Ra'Shaun Henry,VIR,WR,1,WM,2,32,1,27,16,0,0,0,0,0,0,9.2
165,50042116,Caleb Chapman,TXAM,WR,1,KENTST,4,91,0,53,22.8,0,0,0,0,0,0,9.1
165,50042369,Calvin Jackson Jr.,WASHST,WR,1,UTAHST,7,91,0,32,13,0,0,0,0,0,0,9.1
167,50056399,EJ Horton,MARSH,WR,1,NAVY,1,30,1,30,30,0,0,0,0,0,0,9
168,50036261,Jake Bobo,DUKE,WR,1,CHARLT,7,88,0,16,12.6,0,0,0,0,0,0,8.8
168,50055337,Xavier Hutchinson,IOWAST,WR,1,NIOWA,7,88,0,39,12.6,0,0,0,0,0,0,8.8
168,50004582,JD Spielman,TCU,WR,1,DUQ,2,26,1,16,13,1,2,2,0,0,0,8.8
168,50046595,Donovan Ollie,WASHST,WR,1,UTAHST,2,28,1,16,14,0,0,0,0,0,0,8.8
172,50046650,Jamari Thrash,GAST,WR,1,ARMY,7,87,0,18,12.4,0,0,0,0,0,0,8.7
172,50038414,Josh Vann,SC,WR,1,EILL,2,27,1,15,13.5,0,0,0,0,0,0,8.7
172,50060399,Kyle Williams,UNLV,WR,1,EWASH,6,87,0,58,14.5,0,0,0,0,0,0,8.7
175,50048419,Marlyn Johnson,BUF,WR,1,WAG,1,26,1,26,26,0,0,0,0,0,0,8.6
176,50062529,Jaden Williams,BOSCOL,WR,1,COLG,2,24,1,14,12,0,0,0,0,0,0,8.4
176,50014204,Raleigh Webb,CITA,WR,1,COAST,2,16,0,9,8,1,8,8,1,0,0,8.4
176,50027778,Kyric McGowan,GTECH,WR,1,NILL,1,22,1,22,22,1,2,2,0,0,0,8.4
176,50032611,Ty Fryfogle,IND,WR,1,IOWA,5,84,0,33,16.8,0,0,0,0,0,0,8.4
176,50054495,Will Sheppard,VAND,WR,1,ETNST,9,84,0,15,9.3,0,0,0,0,0,0,8.4
181,50058922,Dallas Dixon,CMICH,WR,1,MISSR,5,83,0,27,16.6,0,0,0,0,0,0,8.3
181,50055492,Montana Lemonious-Craig,COL,WR,1,NCOL,2,23,1,17,11.5,0,0,0,0,0,0,8.3
181,50041907,Joe Wilkins Jr.,ND,WR,1,FLST,1,23,1,23,23,0,0,0,0,0,0,8.3
181,50027506,Elijah Cooks,NEVADA,WR,1,CAH,2,23,1,16,11.5,0,0,0,0,0,0,8.3
181,50033434,Isaiah Epps,UK,WR,1,LAMON,3,83,0,57,27.7,0,0,0,0,0,0,8.3
181,50050797,Jacob Cowing,UTEP,WR,1,BCOOK,2,23,1,17,11.5,0,0,0,0,0,0,8.3
187,50042037,Nikko Remigio,CAH,WR,1,NEVADA,7,22,1,6,3.1,0,0,0,0,0,0,8.2
187,50046228,Chris Toudle,NCST,WR,1,SFL,2,22,1,15,11,0,0,0,0,0,0,8.2
189,50042287,Phillip Brooks,KANST,WR,1,STAN,3,81,0,56,27,0,0,0,0,0,0,8.1
189,50056951,Ke'Shawn Williams,WAKE,WR,1,OLD,3,21,1,9,7,0,0,0,0,0,0,8.1
191,50046310,Bryce Kirtz,NW,WR,1,MST,7,80,0,41,11.4,0,0,0,0,0,0,8
191,50054324,Blake Nowell,TCU,WR,1,DUQ,1,20,1,20,20,0,0,0,0,0,0,8
191,50010583,Donnell Williams,TMRT,WR,1,WKENT,7,80,0,32,11.4,0,0,0,0,0,0,8
194,50037500,Shedrick Jackson,AUBRN,WR,1,AKRON,5,79,0,42,15.8,0,0,0,0,0,0,7.9
194,50054058,Jadon Thompson,CIN,WR,1,MIAOH,4,79,0,47,19.8,0,0,0,0,0,0,7.9
194,50068418,Titus Mokiao-Atimalala,UCF,WR,1,BOISE,3,19,1,8,6.3,0,0,0,0,1,0,7.9
197,50007590,Xavier Lane,MSRST,WR,1,OKST,8,78,0,21,9.8,0,0,0,0,1,0,7.8
197,50031350,Judd Cockett,SUTAH,WR,1,ARZST,2,10,0,9,5,2,8,4,1,0,0,7.8
199,50048609,Terrell Warner,NMXST,WR,1,SDST,10,79,0,15,7.9,1,-2,-2,0,0,0,7.7
200,50048479,Keric Wheatfall,FREST,WR,1,ORE,5,76,0,39,15.2,0,0,0,0,0,0,7.6
200,50038299,Jayden Reed,MST,WR,1,NW,5,64,0,23,12.8,1,12,12,0,0,0,7.6
200,50057875,Michael Drennen II,UK,WR,1,LAMON,0,0,0,0,0,3,16,5.3,1,0,0,7.6
200,50064835,Tyrin Smith,UTEP,WR,1,BCOOK,4,76,0,52,19,0,0,0,0,0,0,7.6
200,50037823,Tre Turner,VTECH,WR,1,NCAR,4,64,0,34,16,1,12,12,0,0,0,7.6
205,50011559,Trevon Bradford,OREGST,WR,1,PUR,5,75,0,21,15,0,0,0,0,0,0,7.5
206,50056286,CJ Daniels,LIBRTY,WR,1,CAMP,1,14,0,14,14,0,0,0,1,0,0,7.4
206,50008510,Jared Wyatt,NMXST,WR,1,SDST,5,74,0,42,14.8,0,0,0,0,0,0,7.4
206,50043017,Isaiah Hamilton,SJST,WR,1,USC,6,74,0,23,12.3,0,0,0,0,0,0,7.4
206,50039947,Chase Cota,UCLA,WR,1,LSU,1,14,1,14,14,0,0,0,0,0,0,7.4
206,50038088,Justin Garrett,UTEP,WR,1,NMXST,4,74,0,36,18.5,0,0,0,0,0,0,7.4
211,50048182,Xavier Weaver,SFL,WR,1,NCST,2,73,0,44,36.5,0,0,0,0,0,0,7.3
211,50048401,Joshua Cephus,UTSA,WR,1,ILL,6,73,0,37,12.2,0,0,0,0,0,0,7.3
213,50068490,Trace Bruckler,NMX,WR,1,HOUBAP,2,12,1,8,6,0,0,0,0,0,0,7.2
214,50018060,Jalen Williams,LOULAF,WR,1,TX,5,71,0,26,14.2,0,0,0,0,0,0,7.1
214,50031433,Terrance Greene Jr.,MONM,WR,1,MTNST,5,71,0,26,14.2,0,0,0,0,0,0,7.1
214,50026363,Emeka Emezie,NCST,WR,1,SFL,5,71,0,39,14.2,0,0,0,0,0,0,7.1
214,50054292,Keandre Lambert-Smith,PENNST,WR,1,WISC,4,71,0,52,17.8,0,0,0,0,0,0,7.1
214,50017901,Ayden Eberhardt,WYOM,WR,1,MONST,4,71,0,31,17.8,0,0,0,0,0,0,7.1
219,50048889,Dequece Carter,FORDM,WR,1,NEBR,5,69,0,25,13.8,0,0,0,0,0,0,6.9
219,50028222,Ty Jones,FREST,WR,1,UCONN,1,9,1,9,9,0,0,0,0,0,0,6.9
219,50057791,D'Ionte Smith,MISSR,WR,1,CMICH,2,69,0,63,34.5,0,0,0,0,0,0,6.9
222,50055206,Braden Smith,LOU,WR,1,MISS,3,5,1,4,1.7,0,0,0,0,0,0,6.86
223,50046425,Michael Mathison,AKRON,WR,1,AUBRN,7,68,0,24,9.7,0,0,0,0,1,0,6.8
223,50008948,Andrew Parchment,FLST,WR,1,ND,1,8,1,8,8,0,0,0,0,0,0,6.8
223,50029208,DJ Stubbs,LIBRTY,WR,1,CAMP,3,68,0,40,22.7,0,0,0,0,0,0,6.8
223,50031403,Chancellor Brewington,NEBR,WR,1,FORDM,2,8,1,6,4,0,0,0,0,0,0,6.8
223,50058232,Brennan Presley,OKST,WR,1,MSRST,4,68,0,33,17,0,0,0,0,0,0,6.8
228,50026080,CJ Lewis,BOSCOL,WR,1,COLG,3,67,0,31,22.3,0,0,0,0,0,0,6.7
228,50056659,Caullin Lacy,SALA,WR,1,SOUMIS,5,67,0,28,13.4,0,0,0,0,0,0,6.7
230,50003205,Talolo Limu-Jones,EWASH,WR,1,UNLV,6,65,0,25,10.8,0,0,0,0,0,0,6.5
230,50044625,Deion McShane,NIOWA,WR,1,IOWAST,5,65,0,37,13,0,0,0,0,0,0,6.5
230,50037920,Sam James,WVIR,WR,1,MARY,5,65,0,39,13,0,0,0,0,1,0,6.5
233,50061989,Cyrus Holder,DUQ,WR,1,TCU,2,64,0,37,32,0,0,0,0,0,0,6.4
233,50048472,Josh Kelly,FREST,WR,1,ORE,5,72,0,21,14.4,1,-8,-8,0,0,0,6.4
233,50033045,Mac Hippenhammer,MIAOH,WR,1,CIN,3,64,0,40,21.3,0,0,0,0,0,0,6.4
233,50036299,Shocky Jacques-Louis,PITT,WR,1,UMASS,3,33,0,17,11,4,31,7.8,0,0,0,6.4
237,50042572,Stefan Cobbs,BOISE,WR,1,UCF,4,63,0,18,15.8,0,0,0,0,0,0,6.3
237,50007830,Aaron Cephus,HAWAII,WR,1,PORTST,2,3,1,4,1.5,0,0,0,0,0,0,6.3
237,50037075,Kobe Smith,SDST,WR,1,NMXST,2,63,0,39,31.5,0,0,0,0,0,0,6.3
240,50043890,Will Huzzie,ETNST,WR,1,VAND,4,62,0,36,15.5,0,0,0,0,0,0,6.2
240,50057781,Jalin Hyatt,TENN,WR,1,BOWLGR,4,62,0,30,15.5,0,0,0,0,0,0,6.2
240,50061221,C.J. Hutton,UCDV,WR,1,TULSA,7,55,0,12,7.9,3,7,2.3,0,0,0,6.2
243,50037083,Erik Brooks,FREST,WR,1,UCONN,5,61,0,22,12.2,0,0,0,0,0,0,6.1
244,50031230,Tony Tate,WILL,WR,1,BALLST,2,-1,0,2,-0.5,2,1,0.5,1,0,0,6
245,50046528,Tayvian Cunningham,ARZ,WR,1,BYU,4,59,0,26,14.8,0,0,0,0,0,0,5.9
245,50046283,Tre Mosley,MST,WR,1,NW,4,59,0,26,14.8,0,0,0,0,0,0,5.9
245,50027402,Reggie Roberson Jr.,SMU,WR,1,ABCHR,3,59,0,47,19.7,0,0,0,0,0,0,5.9
245,50046544,Taj Davis,WASH,WR,1,MONT,6,59,0,15,9.8,0,0,0,0,0,0,5.9
249,50038922,Hassan Beydoun,EMICH,WR,1,STFPA,3,58,0,44,19.3,0,0,0,0,1,1,5.8
249,50061407,Daniel Jackson,MINNST,WR,1,OHIOST,3,58,0,22,19.3,0,0,0,0,0,0,5.8
249,50040445,Jaxon Janke,SDKST,WR,1,COLST,3,58,0,22,19.3,0,0,0,0,0,0,5.8
249,50064541,Shae Wyatt,TULANE,WR,1,OKL,5,58,0,17,11.6,0,0,0,0,0,0,5.8
253,50028051,Austin Williams,MSPST,WR,1,LOUTCH,5,57,0,30,11.4,0,0,0,0,1,1,5.7
253,50046556,Makai Polk,MSPST,WR,1,LOUTCH,10,57,0,10,5.7,0,0,0,0,0,0,5.7
253,50043017,Isaiah Hamilton,SJST,WR,1,SUTAH,2,57,0,47,28.5,0,0,0,0,0,0,5.7
253,50038049,Derius Davis,TCU,WR,1,DUQ,2,57,0,47,28.5,0,0,0,0,0,0,5.7
257,50046641,Jeff Foreman,ARKST,WR,1,CARK,5,55,0,19,11,0,0,0,0,0,0,5.5
257,50049254,Branden Walker,HOUBAP,WR,1,NMX,7,55,0,18,7.9,0,0,0,0,0,0,5.5
257,50032450,Jeremiah Knight,LAMON,WR,1,UK,6,58,0,15,9.7,1,-3,-3,0,0,0,5.5
257,50045779,Jonathan Mingo,MISS,WR,1,LOU,2,55,0,34,27.5,0,0,0,0,0,0,5.5
257,50067912,Rara Thomas,MSPST,WR,1,LOUTCH,3,55,0,25,18.3,0,0,0,0,0,0,5.5
257,50046182,Jared Wayne,PITT,WR,1,UMASS,6,55,0,21,9.2,0,0,0,0,0,0,5.5
257,50041157,Billy Kemp IV,VIR,WR,1,WM,4,55,0,17,13.8,0,0,0,0,0,0,5.5
264,50048472,Josh Kelly,FREST,WR,1,UCONN,3,54,0,37,18,0,0,0,0,0,0,5.4
264,50027479,Omar Manning,NEBR,WR,1,FORDM,3,54,0,32,18,0,0,0,0,0,0,5.4
264,50046452,Tyrice Richie,NILL,WR,1,GTECH,2,64,0,39,32,1,-10,-10,0,0,0,5.4
267,50038661,Keyshawn Helton,FLST,WR,1,ND,4,53,0,17,13.2,0,0,0,0,0,0,5.3
267,50058347,Zeriah Beason,OREGST,WR,1,PUR,2,53,0,41,26.5,0,0,0,0,0,0,5.3
267,50054445,John Humphreys,STAN,WR,1,KANST,3,53,0,29,17.7,0,0,0,0,0,0,5.3
267,50028122,Chris Pierce Jr.,VAND,WR,1,ETNST,4,53,0,31,13.2,0,0,0,0,0,0,5.3
271,50038936,Dylan Drummond,EMICH,WR,1,STFPA,3,52,0,33,17.3,0,0,0,0,0,0,5.2
271,50063481,Jaden Bray,OKST,WR,1,MSRST,2,52,0,36,26,0,0,0,0,0,0,5.2
271,50027694,Luke Whittemore,TROY,WR,1,SOUTH,3,52,0,28,17.3,0,0,0,0,0,0,5.2
271,50052070,Jermaine Johnson Jr.,UMASS,WR,1,PITT,3,52,0,27,17.3,0,0,0,0,0,0,5.2
271,50029949,Bryce Nunnelly,WMICH,WR,1,MICH,7,52,0,21,7.4,0,0,0,0,0,0,5.2
276,50045512,Jsi Hatfield,ECAR,WR,1,APPLST,3,51,0,29,17,0,0,0,0,0,0,5.1
276,50007785,John Mitchell,FLATL,WR,1,FL,4,51,0,25,12.8,0,0,0,0,0,0,5.1
276,50056394,Shadeed Ahmed,MARSH,WR,1,NAVY,2,51,0,47,25.5,0,0,0,0,0,0,5.1
276,50036364,Devin Carter,NCST,WR,1,SFL,1,51,0,51,51,0,0,0,0,0,0,5.1
276,50048305,Ryan Davis,UAB,WR,1,JAXST,3,51,0,30,17,0,0,0,0,0,0,5.1
281,50048427,Trevor Wilson,KAN,WR,1,SDAK,5,50,0,17,10,0,0,0,0,0,0,5
281,50054931,Errol Rogers Jr.,LOULAF,WR,1,TX,5,50,0,21,10,0,0,0,0,0,0,5
283,50031350,Judd Cockett,SUTAH,WR,1,SJST,1,6,0,6,6,0,0,0,0,0,0,4.92
284,50007830,Aaron Cephus,HAWAII,WR,1,UCLA,1,49,0,49,49,0,0,0,0,0,0,4.9
284,50032363,Champ Flemings,OREGST,WR,1,PUR,2,49,0,45,24.5,0,0,0,0,0,0,4.9
286,50042286,Malik Knowles,KANST,WR,1,STAN,2,13,0,10,6.5,2,35,17.5,0,0,0,4.8
286,50053880,Brandan Lisenby,STFPA,WR,1,EMICH,2,24,0,14,12,2,24,12,0,0,0,4.8
286,50036053,Jose Barbon,TEMPL,WR,1,RUTGER,2,48,0,29,24,0,0,0,0,0,0,4.8
286,50031303,Ty MacPherson,WEBST,WR,1,UTAH,5,48,0,19,9.6,0,0,0,0,0,0,4.8
286,50046350,Sean Ryan,WVIR,WR,1,MARY,3,48,0,34,16,0,0,0,0,0,0,4.8
291,50060204,Jalen Coker,HOLY,WR,1,UCONN,3,47,0,33,15.7,0,0,0,0,0,0,4.7
291,50045685,Trey Palmer,LSU,WR,1,UCLA,7,47,0,20,6.7,0,0,0,0,1,0,4.7
291,50054916,Keke Chism,MISSR,WR,1,CMICH,4,47,0,26,11.8,0,0,0,0,0,0,4.7
291,50045446,Jadon Haselwood,OKL,WR,1,TULANE,4,47,0,24,11.8,0,0,0,0,0,0,4.7
291,50058219,Parker Washington,PENNST,WR,1,WISC,4,47,0,24,11.8,0,0,0,0,0,0,4.7
291,50056280,Jaylon Barden,PITT,WR,1,UMASS,1,47,0,47,47,0,0,0,0,1,0,4.7
291,50048388,Jake Bailey,RICE,WR,1,ARK,4,47,0,20,11.8,0,0,0,0,0,0,4.7
291,50046473,Charles Ross,SJST,WR,1,USC,3,47,0,32,15.7,0,0,0,0,0,0,4.7
291,50036591,Justin McGriff,UTAHST,WR,1,WASHST,4,47,0,19,11.8,0,0,0,0,0,0,4.7
300,50038684,Tyquan Thornton,BAYL,WR,1,TXST,5,46,0,13,9.2,0,0,0,0,0,0,4.6
300,50037293,Austin Osborne,BOWLGR,WR,1,TENN,8,46,0,24,5.8,0,0,0,0,0,0,4.6
300,50038485,Jaray Jenkins,LSU,WR,1,UCLA,3,46,0,17,15.3,0,0,0,0,0,0,4.6
300,50046134,Emery Simmons,NCAR,WR,1,VTECH,3,46,0,23,15.3,0,0,0,0,0,0,4.6
300,50025221,Samori Toure,NEBR,WR,1,ILL,3,37,0,16,12.3,2,9,4.5,0,0,0,4.6
300,50068499,Luke Wysong,NMX,WR,1,HOUBAP,6,48,0,22,8,1,-2,-2,0,0,0,4.6
300,50026851,Jaylen Hall,WMICH,WR,1,MICH,3,46,0,29,15.3,0,0,0,0,0,0,4.6
307,50052825,Cavon Croom,BOWLGR,WR,1,TENN,5,45,0,12,9,0,0,0,0,0,0,4.5
307,50067123,Jaden Bradley,PITT,WR,1,UMASS,2,45,0,28,22.5,0,0,0,0,0,0,4.5
307,50046089,Ryan O'Keefe,UCF,WR,1,BOISE,3,45,0,31,15,0,0,0,0,0,0,4.5
310,50045720,Ja'Markis Weston,FL,WR,1,FLATL,3,44,0,36,14.7,0,0,0,0,0,0,4.4
310,50056182,Tyson Thompson,HOUBAP,WR,1,NMX,6,44,0,14,7.3,0,0,0,0,1,0,4.4
312,50056978,Roman Wilson,MICH,WR,1,WMICH,0,0,0,0,0,1,43,43,0,0,0,4.3
312,50009565,Jay Griffin IV,NWST,WR,1,NTX,0,0,0,0,0,1,43,43,0,0,0,4.3
312,50048402,De'Corian Clark,UTSA,WR,1,ILL,1,43,0,43,43,0,0,0,0,0,0,4.3
312,50037918,Bryce Ford-Wheaton,WVIR,WR,1,MARY,3,43,0,19,14.3,0,0,0,0,0,0,4.3
316,50053018,P.J. Wells,JAXST,WR,1,UAB,3,42,0,26,14,0,0,0,0,0,0,4.2
316,50054319,Quentin Johnston,TCU,WR,1,DUQ,4,38,0,12,9.5,1,4,4,0,0,0,4.2
316,50046351,Winston Wright Jr.,WVIR,WR,1,MARY,6,42,0,20,7,0,0,0,0,1,1,4.2
319,50043767,Darryl Powell Jr.,BCOOK,WR,1,UTEP,1,41,0,41,41,0,0,0,0,0,0,4.1
319,50006262,Isaiah Graham,LOUTCH,WR,1,MSPST,3,41,0,29,13.7,0,0,0,0,0,0,4.1
319,50063483,Bryson Green,OKST,WR,1,MSRST,3,41,0,14,13.7,0,0,0,0,0,0,4.1
319,50045698,Chase Lane,TXAM,WR,1,KENTST,3,41,0,14,13.7,0,0,0,0,0,0,4.1
319,50033356,Randal Grimes,WEBST,WR,1,UTAH,2,41,0,36,20.5,1,0,0,0,0,0,4.1
324,50045837,Treylon Burks,ARK,WR,1,RICE,5,42,0,17,8.4,1,-2,-2,0,0,0,4
324,50026333,Josh Johnson,LOU,WR,1,MISS,6,40,0,13,6.7,0,0,0,0,0,0,4
324,50054695,Key'Shawn Smith,MIA,WR,1,ALA,4,40,0,20,10,0,0,0,0,0,0,4
324,50045628,Mycah Pittman,ORE,WR,1,FREST,3,40,0,26,13.3,0,0,0,0,0,0,4
328,50048797,Jalen Kelsey,CAMP,WR,1,LIBRTY,2,39,0,24,19.5,0,0,0,0,0,0,3.9
328,50026581,Kalil Pimpleton,CMICH,WR,1,MISSR,4,38,0,27,9.5,1,1,1,0,1,0,3.9
328,50065175,Dylan Summers,EMICH,WR,1,STFPA,3,39,0,28,13,0,0,0,0,0,0,3.9
328,50041911,Braden Lenzy,ND,WR,1,FLST,2,39,0,24,19.5,0,0,0,0,0,0,3.9
328,50004077,Jackson Anthrop,PUR,WR,1,OREGST,7,34,0,10,4.9,2,5,2.5,0,0,0,3.9
328,50061894,Tyler Kirkwood,SOUTH,WR,1,TROY,4,39,0,13,9.8,0,0,0,0,0,0,3.9
328,50037799,Anthony Queeley,SYRA,WR,1,OHIO,3,39,0,21,13,0,0,0,0,0,0,3.9
328,50058770,Dallas Daniels,WILL,WR,1,BALLST,5,39,0,10,7.8,0,0,0,0,0,0,3.9
336,50055394,George Qualls Jr.,AKRON,WR,1,AUBRN,4,38,0,11,9.5,0,0,0,0,0,0,3.8
336,50068374,Owen Glascoe,LIUB,WR,1,FLINT,2,38,0,30,19,0,0,0,0,0,0,3.8
336,50048329,Jarrin Pierce,MTNST,WR,1,MONM,4,38,0,13,9.5,0,0,0,0,0,0,3.8
336,50055979,Cole Harrity,NMXST,WR,1,SDST,5,38,0,19,7.6,0,0,0,0,0,0,3.8
336,50036533,Aron Cruickshank,RUTGER,WR,1,TEMPL,3,24,0,11,8,1,14,14,0,0,0,3.8
336,50068474,Jakarius Caston,SOUMIS,WR,1,SALA,3,38,0,18,12.7,0,0,0,0,0,0,3.8
336,50000427,Randle Jones,TEMPL,WR,1,RUTGER,1,38,0,38,38,0,0,0,0,0,0,3.8
343,50051852,Andre Johnson,ARZST,WR,1,SUTAH,2,37,0,31,18.5,0,0,0,0,0,0,3.7
343,50029385,Hamze El-Zayat,FORDM,WR,1,NEBR,4,37,0,19,9.2,0,0,0,0,0,0,3.7
343,50033159,Tarique Milton,IOWAST,WR,1,NIOWA,3,37,0,34,12.3,0,0,0,0,0,0,3.7
343,50031189,Kody Case,SDAK,WR,1,KAN,2,37,0,21,18.5,0,0,0,0,0,0,3.7
343,50046000,Cameron Ross,UCONN,WR,1,FREST,5,37,0,13,7.4,0,0,0,0,0,0,3.7
348,50046483,Ty McCullouch,COLST,WR,1,SDKST,3,36,0,20,12,0,0,0,0,0,0,3.6
348,50037485,Michael Woods II,OKL,WR,1,TULANE,4,36,0,12,9,0,0,0,0,0,0,3.6
348,50045048,Isaiah Esdale,WVIR,WR,1,MARY,3,36,0,16,12,0,0,0,0,0,0,3.6
351,50011432,Demetris Robertson,AUBRN,WR,1,AKRON,3,28,0,13,9.3,1,7,7,0,0,0,3.5
351,50046552,Trevon Clark,CAH,WR,1,NEVADA,4,35,0,13,8.8,0,0,0,0,0,0,3.5
351,50060410,Jeremiah Hunter,CAH,WR,1,NEVADA,2,35,0,28,17.5,0,0,0,0,0,0,3.5
351,50042439,Nick Mardner,HAWAII,WR,1,UCLA,3,35,0,16,11.7,0,0,0,0,0,0,3.5
351,50055207,Jordan Watkins,LOU,WR,1,MISS,4,35,0,14,8.8,0,0,0,0,0,0,3.5
351,50054919,Chance Luper,MISSR,WR,1,CMICH,3,35,0,20,11.7,0,0,0,0,0,0,3.5
351,50046506,Derek Wright,UTAHST,WR,1,WASHST,4,35,0,12,8.8,0,0,0,0,0,0,3.5
358,50029924,Tenio Ayeni,HOLY,WR,1,UCONN,2,34,0,28,17,0,0,0,0,0,0,3.4
358,50046324,Michael Brown-Stephens,MINNST,WR,1,OHIOST,2,34,0,20,17,0,0,0,0,1,1,3.4
358,50033510,Braylon Sanders,MISS,WR,1,LOU,2,34,0,28,17,0,0,0,0,0,0,3.4
358,50046313,Malik Washington,NW,WR,1,MST,3,32,0,19,10.7,1,2,2,0,0,0,3.4
358,50003928,Taysir Mack,PITT,WR,1,UMASS,3,34,0,16,11.3,0,0,0,0,0,0,3.4
358,50038066,Taye Barber,TCU,WR,1,DUQ,1,34,0,34,34,0,0,0,0,0,0,3.4
358,50032495,DeAmonte King,TOLEDO,WR,1,NORFST,2,34,0,19,17,0,0,0,0,0,0,3.4
358,50038650,Demontrez Brown,TROY,WR,1,SOUTH,2,34,0,30,17,0,0,0,0,0,0,3.4
358,50036835,Josh Johnson,TULSA,WR,1,UCDV,4,34,0,14,8.5,0,0,0,0,0,0,3.4
358,50067314,Xavier Worthy,TX,WR,1,LOULAF,1,34,0,34,34,0,0,0,0,0,0,3.4
358,50048232,Giles Jackson,WASH,WR,1,MONT,4,15,0,7,3.8,2,19,9.5,0,0,0,3.4
358,50061908,Daniel Bender,WILL,WR,1,BALLST,1,34,0,34,34,0,0,0,0,0,0,3.4
358,50046494,Isaiah Neyor,WYOM,WR,1,MONST,3,32,0,21,10.7,2,2,1,0,0,0,3.4
371,50008328,Cameron Odom,OHIO,WR,1,SYRA,2,18,0,12,9,0,0,0,0,0,0,3.32
372,50017504,Kekoa Crawford,CAH,WR,1,NEVADA,2,33,0,24,16.5,0,0,0,0,0,0,3.3
372,50063322,Kylen Austin,LIBRTY,WR,1,CAMP,1,33,0,33,33,0,0,0,0,0,0,3.3
372,50026959,Charleston Rambo,MIA,WR,1,ALA,7,33,0,9,4.7,0,0,0,0,0,0,3.3
372,50040253,Damoriea Vick,MSRST,WR,1,OKST,2,33,0,25,16.5,0,0,0,0,0,0,3.3
372,50045746,Devin Boddie Jr.,VAND,WR,1,ETNST,3,33,0,11,11,0,0,0,0,0,0,3.3
377,50037027,Yo'Heinz Tyler,BALLST,WR,1,WILL,4,32,0,14,8,0,0,0,0,0,0,3.2
377,50033308,Octavius Evans,BOISE,WR,1,UCF,4,32,0,11,8,0,0,0,0,0,0,3.2
377,50027740,Tyler Hamilton,EILL,WR,1,SC,5,32,0,12,6.4,0,0,0,0,0,0,3.2
377,50039007,Freddie Roberson,EWASH,WR,1,UNLV,6,32,0,9,5.3,0,0,0,0,0,0,3.2
377,50054464,Koy Moore,LSU,WR,1,UCLA,3,32,0,14,10.7,0,0,0,0,0,0,3.2
377,50008529,Jack Sorenson,MIAOH,WR,1,CIN,2,32,0,18,16,0,0,0,0,1,0,3.2
377,50048936,Da'Quan Felton,NORFST,WR,1,TOLEDO,2,32,0,22,16,0,0,0,0,0,0,3.2
377,50039332,Lance Lawson,SUTAH,WR,1,ARZST,1,28,0,28,28,2,4,2,0,0,0,3.2
385,50042573,Billy Bowens,BOISE,WR,1,UCF,3,31,0,13,10.3,0,0,0,0,0,0,3.1
385,50036429,Jai Williams,CAMP,WR,1,LIBRTY,2,31,0,26,15.5,0,0,0,0,0,0,3.1
385,50046245,Deon Fountain,COAST,WR,1,CITA,1,31,0,31,31,0,0,0,0,0,0,3.1
385,50029528,Willie Patterson,MONST,WR,1,WYOM,2,27,0,15,13.5,1,4,4,0,1,1,3.1
385,50038565,Dominic Gicinto,NMXST,WR,1,UTEP,2,31,0,16,15.5,0,0,0,0,0,0,3.1
385,50028734,Sam Crawford Jr.,TULSA,WR,1,UCDV,2,31,0,17,15.5,0,0,0,0,0,0,3.1
385,50038490,Cam Johnson,VAND,WR,1,ETNST,4,31,0,14,7.8,0,0,0,0,0,0,3.1
385,50061282,Naiem Simmons,WAG,WR,1,BUF,2,31,0,16,15.5,0,0,0,0,0,0,3.1
393,50028156,Zane Pope,FREST,WR,1,ORE,3,30,0,15,10,0,0,0,0,0,0,3
393,50021977,Lonnie Moore,MONM,WR,1,MTNST,6,30,0,7,5,0,0,0,0,0,0,3
393,50041672,Mychal Cooper,NAVY,WR,1,MARSH,2,30,0,22,15,0,0,0,0,0,0,3
393,50054758,Zavier Betts,NEBR,WR,1,FORDM,1,30,0,30,30,0,0,0,0,0,0,3
393,50048397,Bradley Rozner,RICE,WR,1,ARK,2,30,0,20,15,0,0,0,0,0,0,3
398,50036087,Alec Pierce,CIN,WR,1,MIAOH,2,29,0,19,14.5,0,0,0,0,0,0,2.9
398,50057364,LaJohntay Wester,FLATL,WR,1,FL,4,29,0,9,7.2,0,0,0,0,0,0,2.9
398,50036485,Tyrone Tracy Jr.,IOWA,WR,1,IND,2,15,0,9,7.5,2,14,7,0,0,0,2.9
398,50029429,Mitch Roberts,MONT,WR,1,WASH,2,29,0,21,14.5,0,0,0,0,0,0,2.9
398,50056628,Lideatrick Griffin,MSPST,WR,1,LOUTCH,2,29,0,18,14.5,0,0,0,0,0,0,2.9
398,50048521,Malikhi Miller,SJST,WR,1,USC,1,29,0,29,29,0,0,0,0,0,0,2.9
398,50031812,Jamar Washington,SOUTH,WR,1,TROY,3,31,0,20,10.3,1,-2,-2,0,0,0,2.9
398,50037815,Taj Harris,SYRA,WR,1,OHIO,6,29,0,8,4.8,0,0,0,0,0,0,2.9
406,50049392,Myles Bradley,COLG,WR,1,BOSCOL,2,17,0,9,8.5,1,11,11,0,0,0,2.8
406,50054907,Jayden Umbarger,NAVY,WR,1,MARSH,0,0,0,0,0,1,28,28,0,0,0,2.8
406,50058230,Rashod Owens,OKST,WR,1,MSRST,1,28,0,28,28,0,0,0,0,0,0,2.8
406,50016686,Britain Covey,UTAH,WR,1,WEBST,4,14,0,5,3.5,1,14,14,0,0,0,2.8
406,50004264,Kendric Pryor,WISC,WR,1,PENNST,1,11,0,11,11,2,17,8.5,0,0,0,2.8
411,50015916,Jalen Virgil,APPLST,WR,1,ECAR,2,27,0,18,13.5,0,0,0,0,0,0,2.7
411,50043559,Tyler Snead,ECAR,WR,1,APPLST,4,27,0,12,6.8,0,0,0,0,1,1,2.7
411,50043320,Jaylen Johnson,GA,WR,1,CLMSN,1,21,0,21,21,1,6,6,0,0,0,2.7
411,50007594,Jahcour Pearson,MISS,WR,1,LOU,1,27,0,27,27,0,0,0,0,0,0,2.7
411,50032509,Bryce Mitchell,TOLEDO,WR,1,NORFST,1,27,0,27,27,0,0,0,0,0,0,2.7
411,50046206,Tayvion Robinson,VTECH,WR,1,NCAR,1,2,0,2,2,2,25,12.5,0,0,0,2.7
411,50043413,Jon Christensen,WEBST,WR,1,UTAH,3,27,0,16,9,0,0,0,0,0,0,2.7
418,50037472,Slade Bolden,ALA,WR,1,MIA,3,26,0,11,8.7,0,0,0,0,0,0,2.6
418,50042678,Sean Eckert,ARMY,WR,1,GAST,1,26,0,26,26,0,0,0,0,0,0,2.6
418,50036279,Justyn Ross,CLMSN,WR,1,GA,4,26,0,12,6.5,0,0,0,0,0,0,2.6
418,50038985,Gabe Sulser,MONT,WR,1,WASH,3,26,0,17,8.7,0,0,0,0,0,0,2.6
418,50027479,Omar Manning,NEBR,WR,1,ILL,2,26,0,18,13,0,0,0,0,0,0,2.6
418,50058222,Brian Darby,OKL,WR,1,TULANE,3,26,0,12,8.7,0,0,0,0,0,0,2.6
418,50042943,Brad Dennis,SOUMIS,WR,1,SALA,3,26,0,11,8.7,0,0,0,0,0,0,2.6
418,50046691,Blair Conwright,TCU,WR,1,DUQ,2,26,0,16,13,0,0,0,0,0,0,2.6
426,50067900,JoJo Earle,ALA,WR,1,MIA,2,25,0,16,12.5,0,0,0,0,0,0,2.5
426,50036370,Kobay White,BOSCOL,WR,1,COLG,1,25,0,25,25,0,0,0,0,0,0,2.5
426,50046158,Jalon Calhoun,DUKE,WR,1,CHARLT,4,25,0,16,6.2,0,0,0,0,0,0,2.5
426,50028222,Ty Jones,FREST,WR,1,ORE,2,25,0,18,12.5,0,0,0,0,0,0,2.5
426,50063087,Jjay McAfee,GAS,WR,1,GARDWB,2,25,0,13,12.5,0,0,0,0,0,0,2.5
426,50064823,Jordan Bly,OLD,WR,1,WAKE,3,25,0,12,8.3,0,0,0,0,0,0,2.5
426,50069490,Judah Tomb,STFPA,WR,1,EMICH,2,18,0,11,9,1,7,7,0,0,0,2.5
433,50017896,Dontae Crow,CAMP,WR,1,LIBRTY,4,24,0,10,6,0,0,0,0,0,0,2.4
433,50045515,C.J. Johnson,ECAR,WR,1,APPLST,3,24,0,13,8,0,0,0,0,0,0,2.4
433,50036711,Donny Navarro III,ILL,WR,1,UTSA,3,24,0,10,8,0,0,0,0,0,0,2.4
433,50046428,Keshunn Abram,KENTST,WR,1,TXAM,3,24,0,14,8,0,0,0,0,0,0,2.4
433,50040794,TayJon Martin,LAFAY,WR,1,AIRF,1,24,0,24,24,0,0,0,0,0,0,2.4
433,50038195,Tyler Walton,OHIO,WR,1,SYRA,3,24,0,20,8,0,0,0,0,0,0,2.4
433,50048362,Demarcus Jones,SOUMIS,WR,1,SALA,3,24,0,13,8,0,0,0,0,0,0,2.4
433,50054869,Joshua Cobbs,WYOM,WR,1,MONST,1,24,0,24,24,0,0,0,0,0,0,2.4
441,50048507,David Cormier,AIRF,WR,1,LAFAY,1,23,0,23,23,0,0,0,0,0,0,2.3
441,50054891,LV Bunkley-Shelton,ARZST,WR,1,SUTAH,3,23,0,19,7.7,0,0,0,0,0,0,2.3
441,50036082,Jayshon Jackson,BALLST,WR,1,WILL,3,23,0,11,7.7,0,0,0,0,0,0,2.3
441,50046712,La'Vontae Shenault,COL,WR,1,NCOL,2,23,0,23,11.5,0,0,0,0,0,0,2.3
441,50026565,Nykeim Johnson,KENTST,WR,1,TXAM,2,16,0,11,8,1,7,7,0,0,0,2.3
441,50060218,Zack Saturn,LAFAY,WR,1,AIRF,3,23,0,9,7.7,0,0,0,0,0,0,2.3
441,50026459,Mike Harley,MIA,WR,1,ALA,3,23,0,17,7.7,0,0,0,0,0,0,2.3
441,50028313,Austin Upshaw,SMU,WR,1,ABCHR,2,23,0,14,11.5,0,0,0,0,0,0,2.3
441,50042322,Julian Ortega-Jones,TXST,WR,1,BAYL,3,23,0,15,7.7,0,0,0,0,0,0,2.3
441,50068228,Donnovan Moorer,TXST,WR,1,BAYL,1,23,0,23,23,0,0,0,0,0,0,2.3
441,50046000,Cameron Ross,UCONN,WR,1,HOLY,3,23,0,11,7.7,0,0,0,0,0,0,2.3
441,50060395,Zyell Griffin,UNLV,WR,1,EWASH,1,23,0,23,23,0,0,0,0,0,0,2.3
441,50029039,Travell Harris,WASHST,WR,1,UTAHST,5,23,0,7,4.6,0,0,0,0,0,0,2.3
454,50051879,Christian Wells,APPLST,WR,1,ECAR,2,22,0,15,11,0,0,0,0,0,0,2.2
454,50054897,Johnny Wilson,ARZST,WR,1,SUTAH,2,22,0,15,11,0,0,0,0,1,1,2.2
454,50048604,Keanu Hill,BYU,WR,1,ARZ,3,22,0,11,7.3,0,0,0,0,0,0,2.2
454,50028156,Zane Pope,FREST,WR,1,UCONN,2,22,0,13,11,0,0,0,0,0,0,2.2
454,50043514,Tauskie Dove,MISSR,WR,1,CMICH,1,22,0,22,22,0,0,0,0,0,0,2.2
454,50060403,Kris Hutson,ORE,WR,1,FREST,2,22,0,19,11,0,0,0,0,0,0,2.2
454,50054327,Savion Williams,TCU,WR,1,DUQ,2,22,0,11,11,0,0,0,0,0,0,2.2
454,50052883,Hudson Schenck,WEBST,WR,1,UTAH,1,22,0,22,22,0,0,0,0,0,0,2.2
454,50048457,Skyy Moore,WMICH,WR,1,MICH,2,22,0,22,11,0,0,0,0,0,0,2.2
463,50057773,Javon Baker,ALA,WR,1,MIA,3,21,0,10,7,0,0,0,0,0,0,2.1
463,50049113,Anthony Manaves,EILL,WR,1,SC,2,21,0,12,10.5,0,0,0,0,0,0,2.1
463,50062776,Malik McClain,FLST,WR,1,ND,1,21,0,21,21,0,0,0,0,0,0,2.1
463,50036711,Donny Navarro,ILL,WR,1,NEBR,1,21,0,21,21,0,0,0,0,1,1,2.1
463,50041760,Miles Marshall,IND,WR,1,IOWA,1,21,0,21,21,0,0,0,0,0,0,2.1
463,50036494,Nico Ragaini,IOWA,WR,1,IND,2,21,0,11,10.5,0,0,0,0,0,0,2.1
463,50038148,Javaughn Williams,KENTST,WR,1,TXAM,2,21,0,15,10.5,0,0,0,0,0,0,2.1
463,50046431,Dante Cephas,KENTST,WR,1,TXAM,3,21,0,12,7,0,0,0,0,0,0,2.1
463,50046685,Robert Downs III,NMXST,WR,1,SDST,2,21,0,14,10.5,0,0,0,0,2,0,2.1
463,50035144,Marcque Ellington,NORFST,WR,1,TOLEDO,2,21,0,15,10.5,0,0,0,0,0,0,2.1
463,50043314,Tommy Bush,NTX,WR,1,NWST,2,21,0,11,10.5,0,0,0,0,0,0,2.1
463,50048527,Jamar Simpson,SJST,WR,1,SUTAH,2,21,0,16,10.5,0,0,0,0,0,0,2.1
463,50018138,Travis O'Connor,SOUTH,WR,1,TROY,1,21,0,21,21,0,0,0,0,0,0,2.1
463,50028751,JuanCarlos Santana,TULSA,WR,1,UCDV,1,21,0,21,21,0,0,0,0,0,0,2.1
463,50025969,Cameron Hairston,UCONN,WR,1,HOLY,2,21,0,11,10.5,0,0,0,0,0,0,2.1
478,50052636,Milan Tucker,APPLST,WR,1,ECAR,1,20,0,20,20,0,0,0,0,0,0,2
478,50055970,Chris Jackson,BYU,WR,1,ARZ,2,20,0,11,10,0,0,0,0,1,0,2
478,50046320,Casey Washington,ILL,WR,1,UTSA,2,20,0,16,10,0,0,0,0,0,0,2
478,50036247,Tyler Harrell,LOU,WR,1,MISS,1,20,0,20,20,0,0,0,0,0,0,2
478,50026220,Griffin Hebert,LOUTCH,WR,1,MSPST,3,20,0,15,6.7,0,0,0,0,0,0,2
478,50043611,Jalen Nailor,MST,WR,1,NW,2,20,0,13,10,0,0,0,0,0,0,2
478,50042156,Antoine Green,NCAR,WR,1,VTECH,2,20,0,10,10,0,0,0,0,0,0,2
478,50046456,Messiah Travis,NILL,WR,1,GTECH,1,20,0,20,20,0,0,0,0,0,0,2
478,50055978,Isaiah Garcia-Castaneda,NMXST,WR,1,UTEP,2,20,0,16,10,0,0,0,0,0,0,2
478,50031950,Jalen Wayne,SALA,WR,1,SOUMIS,3,20,0,17,6.7,0,0,0,0,1,1,2
478,50068403,Todd Simmons,WAG,WR,1,BUF,1,20,0,20,20,0,0,0,0,0,0,2
478,50049253,Ben Ratzlaff,WKENT,WR,1,TMRT,1,20,0,20,20,0,0,0,0,0,0,2
478,50058443,Tyler Rose,WM,WR,1,VIR,1,20,0,20,20,0,0,0,0,0,0,2
491,50057494,Denver Holman,ABCHR,WR,1,SMU,2,19,0,11,9.5,0,0,0,0,0,0,1.9
491,50069182,Alex Spadone,ABCHR,WR,1,SMU,2,19,0,13,9.5,0,0,0,0,0,0,1.9
491,50063628,Konata Mumpfield,AKRON,WR,1,AUBRN,3,19,0,9,6.3,0,0,0,0,0,0,1.9
491,50008222,Dominic Johnson,BUF,WR,1,WAG,2,19,0,10,9.5,0,0,0,0,0,0,1.9
491,50033189,Cameron Dollar,CHARLT,WR,1,DUKE,2,19,0,11,9.5,0,0,0,0,0,0,1.9
491,50048479,Keric Wheatfall,FREST,WR,1,UCONN,3,19,0,11,6.3,0,0,0,0,0,0,1.9
491,50000478,Quayvon Skanes,GARDWB,WR,1,GAS,2,19,0,10,9.5,0,0,0,0,0,0,1.9
491,50064790,Tru Edwards,HAWAII,WR,1,PORTST,2,19,0,12,9.5,0,0,0,0,0,0,1.9
491,50048111,Jacob Bernard,LOULAF,WR,1,TX,2,19,0,16,9.5,0,0,0,0,0,0,1.9
491,50039535,Assanti Kearney,MONM,WR,1,MTNST,2,19,0,13,9.5,0,0,0,0,0,0,1.9
491,50064279,Jaden Tyler,NICHLS,WR,1,MPHS,1,19,0,19,19,0,0,0,0,0,0,1.9
491,50037621,Andre Bodison,NMXST,WR,1,SDST,2,19,0,11,9.5,0,0,0,0,0,0,1.9
491,50044899,Trey Adkins,SC,WR,1,EILL,1,19,0,19,19,0,0,0,0,0,0,1.9
491,50037061,BJ Busbee,SDST,WR,1,NMXST,2,19,0,25,9.5,0,0,0,0,0,0,1.9
491,50048745,Brandon Schenks,SUTAH,WR,1,ARZST,3,19,0,11,6.3,0,0,0,0,0,0,1.9
491,50060332,Rolinsky Saint-Cyr,UMASS,WR,1,PITT,1,19,0,19,19,0,0,0,0,0,0,1.9
491,50011671,Theo Howard,UTAH,WR,1,WEBST,1,19,0,19,19,0,0,0,0,0,0,1.9
491,50058198,Chimere Dike,WISC,WR,1,PENNST,1,9,0,9,9,1,10,10,0,0,0,1.9
509,50045722,Trent Whittemore,FL,WR,1,FLATL,1,18,0,18,18,0,0,0,0,0,0,1.8
509,50062743,Ahmari Huggins-Bruce,LOU,WR,1,MISS,2,18,0,12,9,0,0,0,0,0,0,1.8
509,50063043,Brian Thomas Jr.,LSU,WR,1,UCLA,1,18,0,18,18,0,0,0,0,0,0,1.8
509,50029413,Malik Flowers,MONT,WR,1,WASH,1,14,0,14,14,1,4,4,0,0,0,1.8
509,50039237,Jaren Mitchell,NCOL,WR,1,COL,3,18,0,9,6,0,0,0,0,0,0,1.8
509,50049290,Robbie Williams,NWST,WR,1,NTX,1,18,0,18,18,0,0,0,0,0,0,1.8
509,50057753,Jalen Brooks,SC,WR,1,EILL,1,18,0,18,18,0,0,0,0,0,0,1.8
509,50043196,Bryce Miller,SFL,WR,1,NCST,2,18,0,9,9,0,0,0,0,0,0,1.8
509,50061715,Ethan Bolingbroke,SUTAH,WR,1,SJST,2,18,0,12,9,0,0,0,0,0,0,1.8
509,50048826,Kane Everson,WM,WR,1,VIR,2,12,0,8,6,1,6,6,0,0,0,1.8
519,50057858,Davion Johnson,ABCHR,WR,1,SMU,1,16,0,16,16,1,1,1,0,0,0,1.7
519,50003580,Kameron Brown,COAST,WR,1,CITA,1,17,0,17,17,0,0,0,0,0,0,1.7
519,50040435,Spencer Gilliam,HOLY,WR,1,UCONN,3,17,0,16,5.7,0,0,0,0,0,0,1.7
519,50061870,Michael Pettway,JAXST,WR,1,UAB,2,17,0,12,8.5,0,0,0,0,0,0,1.7
519,50063034,Jack Bech,LSU,WR,1,UCLA,1,17,0,17,17,0,0,0,0,0,0,1.7
519,50036719,Eddie Lewis,MPHS,WR,1,NICHLS,1,17,0,17,17,0,0,0,0,1,0,1.7
519,50046347,Ali Jennings III,OLD,WR,1,WAKE,2,17,0,9,8.5,0,0,0,0,0,0,1.7
519,50048337,Broc Thompson,PUR,WR,1,OREGST,1,17,0,17,17,0,0,0,0,0,0,1.7
519,50054837,DeMeer Blankumsee,TOLEDO,WR,1,NORFST,1,17,0,17,17,0,0,0,0,0,0,1.7
519,50037932,Joshua Moore,TX,WR,1,LOULAF,3,17,0,7,5.7,0,0,0,0,0,0,1.7
519,50039940,Josiah Norwood,UCLA,WR,1,HAWAII,2,17,0,12,8.5,0,0,0,0,0,0,1.7
530,50063058,Ketron Jackson Jr.,ARK,WR,1,RICE,1,16,0,16,16,0,0,0,0,0,0,1.6
530,50028193,Bryan Thompson,ARZST,WR,1,SUTAH,1,16,0,16,16,0,0,0,0,0,0,1.6
530,50039121,Austin Hite,CAMP,WR,1,LIBRTY,1,16,0,16,16,0,0,0,0,0,0,1.6
530,50063736,Chase Penry,COL,WR,1,NCOL,1,16,0,16,16,0,0,0,0,0,0,1.6
530,50064790,Tru Edwards,HAWAII,WR,1,UCLA,2,16,0,8,8,0,0,0,0,0,0,1.6
530,50068380,Lemeko Mayes,LIUB,WR,1,FLINT,2,16,0,9,8,0,0,0,0,0,0,1.6
530,50045780,John Rhys Plumlee,MISS,WR,1,LOU,2,16,0,11,8,0,0,0,0,0,0,1.6
530,50049465,Carter Bell,SDAK,WR,1,KAN,2,16,0,12,8,0,0,0,0,0,0,1.6
530,50045672,Marcel Brooks,TCU,WR,1,DUQ,2,16,0,12,8,0,0,0,0,0,0,1.6
530,50068226,Ashtyn Hawkins,TXST,WR,1,BAYL,2,16,0,12,8,0,0,0,0,0,0,1.6
530,50048808,Chaz Davis,UCDV,WR,1,TULSA,1,16,0,16,16,0,0,0,0,0,0,1.6
530,50064828,Jeremiah Ballard,UTEP,WR,1,BCOOK,1,16,0,16,16,0,0,0,0,0,0,1.6
530,50045578,Taylor Morin,WAKE,WR,1,OLD,2,16,0,10,8,0,0,0,0,0,0,1.6
530,50060520,Joey Hobert,WASHST,WR,1,UTAHST,1,16,0,16,16,0,0,0,0,0,0,1.6
544,50006180,Mitchell Perkinson,CARK,WR,1,ARKST,3,15,0,10,5,0,0,0,0,0,0,1.5
544,50056964,Tyson Mobley,COAST,WR,1,CITA,1,15,0,15,15,0,0,0,0,0,0,1.5
544,50042033,Joshua Szott,COLG,WR,1,BOSCOL,2,13,0,7,6.5,1,2,2,0,0,0,1.5
544,50037450,Jacob Copeland,FL,WR,1,FLATL,1,15,0,15,15,0,0,0,0,0,0,1.5
544,50026317,Justin Marshall,LOU,WR,1,MISS,1,15,0,15,15,0,0,0,0,0,0,1.5
544,50045592,Cornelius Johnson,MICH,WR,1,WMICH,2,15,0,10,7.5,0,0,0,0,0,0,1.5
544,50028628,Jimmy Marshall,MTNST,WR,1,MONM,2,15,0,10,7.5,0,0,0,0,0,0,1.5
544,50036654,Raymond Niro III,NW,WR,1,MST,2,15,0,8,7.5,0,0,0,0,0,0,1.5
544,50027100,Braydon Johnson,OKST,WR,1,MSRST,2,2,0,3,1,1,13,13,0,0,0,1.5
544,50042548,Cedric Patterson III,RICE,WR,1,ARK,1,15,0,15,15,0,0,0,0,0,0,1.5
544,50027139,OrTre Smith,SC,WR,1,EILL,1,15,0,15,15,0,0,0,0,0,0,1.5
544,50046208,Ahmarean Brown,SC,WR,1,EILL,2,15,0,8,7.5,0,0,0,0,0,0,1.5
544,50026700,Jaevon McQuitty,SDAK,WR,1,KAN,1,15,0,15,15,0,0,0,0,0,0,1.5
544,50042998,Jermaine Braddock,SJST,WR,1,USC,2,15,0,11,7.5,0,0,0,0,0,0,1.5
544,50046585,Jordan Kerley,SMU,WR,1,ABCHR,1,15,0,15,15,0,0,0,0,0,0,1.5
544,50045890,JaVonta Payton,TENN,WR,1,BOWLGR,2,15,0,10,7.5,0,0,0,0,0,0,1.5
544,50049034,Jayvin Little,WAG,WR,1,BUF,1,15,0,15,15,0,0,0,0,0,0,1.5
561,50027984,De'Vion Warren,ARK,WR,1,RICE,2,14,0,10,7,0,0,0,0,0,0,1.4
561,50069853,Dylaan Lee,BCOOK,WR,1,UTEP,2,14,0,8,7,0,0,0,0,0,0,1.4
561,50036263,Jarett Garner,DUKE,WR,1,CHARLT,1,14,0,14,14,0,0,0,0,0,0,1.4
561,50037083,Erik Brooks,FREST,WR,1,ORE,2,14,0,7,7,0,0,0,0,0,0,1.4
561,50026065,D.J. Matthews Jr.,IND,WR,1,IOWA,3,14,0,5,4.7,0,0,0,0,0,0,1.4
561,50039071,Brody Brumm,LIBRTY,WR,1,CAMP,1,14,0,14,14,0,0,0,0,0,0,1.4
561,50068395,Brian Walker,LIUB,WR,1,FLINT,1,14,0,14,14,0,0,0,0,0,0,1.4
561,50037626,Naveon Mitchell,MSRST,WR,1,OKST,1,12,0,12,12,1,2,2,0,1,1,1.4
561,50048745,Brandon Schenks,SUTAH,WR,1,SJST,1,14,0,14,14,0,0,0,0,0,0,1.4
561,50054073,Phat Watts,TULANE,WR,1,OKL,2,14,0,9,7,0,0,0,0,0,0,1.4
561,50006562,Khris Vaughn,UCDV,WR,1,TULSA,1,14,0,14,14,0,0,0,0,0,0,1.4
572,50067471,Oran Singleton Jr.,AKRON,WR,1,AUBRN,2,13,0,7,6.5,0,0,0,0,0,0,1.3
572,50056124,Ze'Vian Capers,AUBRN,WR,1,AKRON,1,13,0,13,13,0,0,0,0,0,0,1.3
572,50013375,Jordan Jones,CIN,WR,1,MIAOH,2,13,0,9,6.5,0,0,0,0,0,0,1.3
572,50040172,Je'Quan Burton,FLATL,WR,1,FL,1,13,0,13,13,0,0,0,0,0,0,1.3
572,50046320,Casey Washington,ILL,WR,1,NEBR,2,13,0,7,6.5,0,0,0,0,0,0,1.3
572,50036499,Jeshaun Jones,MARY,WR,1,WVIR,4,13,0,7,3.2,0,0,0,0,0,0,1.3
572,50033557,Barrett Banister,MISSR,WR,1,CMICH,1,13,0,13,13,0,0,0,0,0,0,1.3
572,50025168,Samuel Akem,MONT,WR,1,WASH,2,13,0,8,6.5,0,0,0,0,0,0,1.3
572,50036601,Wyatt Liewer,NEBR,WR,1,ILL,2,13,0,7,6.5,0,0,0,0,0,0,1.3
572,50027888,Jaylon Redd,ORE,WR,1,FREST,1,13,0,13,13,0,0,0,0,0,0,1.3
572,50049441,Canyon Bauer,SDKST,WR,1,COLST,1,13,0,13,13,0,0,0,0,0,0,1.3
572,50039332,Lance Lawson,SUTAH,WR,1,SJST,2,15,0,9,7.5,3,-2,-0.7,0,0,0,1.3
572,50013601,Reggie Todd,TROY,WR,1,SOUTH,2,13,0,7,6.5,0,0,0,0,0,0,1.3
572,50046504,Kyle Van Leeuwen,UTAHST,WR,1,WASHST,1,13,0,13,13,0,0,0,0,0,0,1.3
572,50055346,Ja'Lynn Polk,WASH,WR,1,MONT,1,13,0,13,13,0,0,0,0,0,0,1.3
587,50032310,Justice McCoy,COLST,WR,1,SDKST,1,8,0,8,8,0,0,0,0,0,0,1.28
588,50045195,Brandon Lewis,AIRF,WR,1,LAFAY,0,0,0,0,0,1,12,12,0,0,0,1.2
588,50054497,Traeshon Holden,ALA,WR,1,MIA,1,12,0,12,12,0,0,0,0,0,0,1.2
588,50033288,CT Thomas,BOISE,WR,1,UCF,1,12,0,12,12,0,0,0,0,0,0,1.2
588,50032311,E.J. Scott,COLST,WR,1,SDKST,2,12,0,9,6,0,0,0,0,0,0,1.2
588,50048488,Jordan Kress,COLST,WR,1,SDKST,1,12,0,12,12,0,0,0,0,0,0,1.2
588,50034836,Davie Henderson,DUQ,WR,1,TCU,1,12,0,12,12,0,0,0,0,0,0,1.2
588,50030723,Xander Richards,EILL,WR,1,SC,2,12,0,7,6,0,0,0,0,0,0,1.2
588,50065167,Latrell Fordham,EMICH,WR,1,STFPA,1,12,0,12,12,0,0,0,0,0,0,1.2
588,50048671,Jakobie James,EWASH,WR,1,UNLV,1,12,0,12,12,0,0,0,0,0,0,1.2
588,50054091,Darion Williamson,FLST,WR,1,ND,1,12,0,12,12,0,0,0,0,0,0,1.2
588,50054481,Ladd McConkey,GA,WR,1,CLMSN,2,12,0,8,6,0,0,0,0,0,0,1.2
588,50054486,Marcus Rosemy-Jacksaint,GA,WR,1,CLMSN,2,12,0,8,6,0,0,0,0,0,0,1.2
588,50044292,Vernon Harrell,HOUBAP,WR,1,NMX,3,12,0,5,4,0,0,0,0,0,0,1.2
588,50005453,Kwamie Lassiter II,KAN,WR,1,SDAK,2,12,0,6,6,0,0,0,0,0,0,1.2
588,50068386,Tosin Oyekanmi,LIUB,WR,1,FLINT,2,8,0,7,4,1,4,4,0,0,0,1.2
588,50044174,Tahj Magee,LOUTCH,WR,1,MSPST,1,12,0,12,12,0,0,0,0,0,0,1.2
588,50042870,Mookie Cooper,MISSR,WR,1,CMICH,4,12,0,10,3,3,0,0,0,0,0,1.2
588,50019120,Charles Brown,MONST,WR,1,WYOM,1,13,0,13,13,1,-1,-1,0,0,0,1.2
588,50029539,Coy Steel,MONST,WR,1,WYOM,1,12,0,12,12,0,0,0,0,0,0,1.2
588,50002710,C.J. Riley,NCST,WR,1,SFL,1,12,0,12,12,0,0,0,0,0,0,1.2
588,50031806,Dontaze Costly,NICHLS,WR,1,MPHS,1,12,0,12,12,0,0,0,0,0,0,1.2
588,50054287,Jaxon Smith-Njigba,OHIOST,WR,1,MINNST,2,12,0,11,6,0,0,0,0,0,0,1.2
588,50038416,Dakereon Joyner,SC,WR,1,EILL,1,3,0,3,3,3,9,3,0,0,0,1.2
588,50039352,Frank Harris III,SUTAH,WR,1,ARZST,2,12,0,6,6,0,0,0,0,0,0,1.2
588,50061715,Ethan Bolingbroke,SUTAH,WR,1,ARZST,1,12,0,12,12,0,0,0,0,0,0,1.2
588,50054960,Jabre Barber,TROY,WR,1,SOUTH,2,12,0,11,6,0,0,0,0,1,1,1.2
588,50046672,Kaylon Geiger Sr.,TXTECH,WR,1,HOU,3,11,0,5,3.7,1,1,1,0,0,0,1.2
588,50039936,Kyle Philips,UCLA,WR,1,HAWAII,2,12,0,7,6,0,0,0,0,0,0,1.2
616,50032086,Jon Thomas,BCOOK,WR,1,UTEP,2,11,0,6,5.5,0,0,0,0,0,0,1.1
616,50058896,Jhaylin Embry,BOWLGR,WR,1,TENN,1,7,0,7,7,3,4,1.3,0,0,0,1.1
616,50043917,Joe Douglas,CITA,WR,1,COAST,0,0,0,0,0,2,11,5.5,0,0,0,1.1
616,50046161,Darrell Harding Jr.,DUKE,WR,1,CHARLT,2,11,0,6,5.5,0,0,0,0,0,0,1.1
616,50036660,Justin Shorter,FL,WR,1,FLATL,4,11,0,5,2.8,0,0,0,0,0,0,1.1
616,50048891,Garrett Cody,FORDM,WR,1,NEBR,1,11,0,11,11,0,0,0,0,0,0,1.1
616,50054475,Jermaine Burton,GA,WR,1,CLMSN,2,11,0,8,5.5,0,0,0,0,0,0,1.1
616,50055353,Jamichael Thompson,MTNST,WR,1,MONM,1,13,0,13,13,1,-2,-2,0,0,0,1.1
616,50054760,Alante Brown,NEBR,WR,1,FORDM,1,11,0,11,11,0,0,0,0,0,0,1.1
616,50032674,Cole Tucker,NILL,WR,1,GTECH,1,11,0,11,11,0,0,0,0,0,0,1.1
616,50022867,Isaiah Weston,NIOWA,WR,1,IOWAST,1,11,0,11,11,0,0,0,0,0,0,1.1
616,50046626,CJay Boone,NMX,WR,1,HOUBAP,1,11,0,11,11,0,0,0,0,0,0,1.1
616,50048344,Javon Harvey,OLD,WR,1,WAKE,1,11,0,11,11,0,0,0,0,0,0,1.1
616,50043275,Jesse Matthews,SDST,WR,1,NMXST,1,5,0,5,5,1,6,6,0,0,0,1.1
616,50039352,Frank Harris III,SUTAH,WR,1,SJST,2,11,0,6,5.5,0,0,0,0,0,0,1.1
616,50061204,David Atencio,SUTAH,WR,1,SJST,1,11,0,11,11,0,0,0,0,0,0,1.1
616,50008664,Danzel McKinley-Lewis,TOLEDO,WR,1,NORFST,2,11,0,11,5.5,0,0,0,0,0,0,1.1
616,50035137,Isaiah Winstead,TOLEDO,WR,1,NORFST,1,11,0,11,11,0,0,0,0,0,0,1.1
616,50051349,Steve Jenkins,UNLV,WR,1,EWASH,2,6,0,5,3,2,5,2.5,0,0,0,1.1
635,50063050,Agiye Hall,ALA,WR,1,MIA,1,10,0,10,10,0,0,0,0,0,0,1
635,50011739,Audie Omotosho,ECAR,WR,1,APPLST,1,10,0,10,10,0,0,0,0,0,0,1
635,50040347,DeWayne Cooks Jr.,EILL,WR,1,SC,1,9,0,9,9,1,1,1,0,0,0,1
635,50029463,Johnny Edwards IV,EWASH,WR,1,UNLV,1,10,0,10,10,0,0,0,0,0,0,1
635,50046401,Nate Jefferson,FLINT,WR,1,LIUB,1,10,0,10,10,0,0,0,0,0,0,1
635,50046404,Kris Mitchell,FLINT,WR,1,LIUB,1,10,0,10,10,0,0,0,0,0,0,1
635,50035597,Terrance Dixon,GAST,WR,1,ARMY,1,10,0,10,10,0,0,0,0,0,0,1
635,50056172,Ismael Fuller,HOUBAP,WR,1,NMX,2,10,0,6,5,0,0,0,0,0,0,1
635,50063306,Julian Gray,NCST,WR,1,SFL,1,10,0,10,10,0,0,0,0,0,0,1
635,50027118,LC Greenwood,NWST,WR,1,NTX,3,10,0,7,3.3,0,0,0,0,0,0,1
635,50061772,Jaheim Walters,NWST,WR,1,NTX,2,10,0,6,5,0,0,0,0,0,0,1
635,50064824,Rafael McCoy,OLD,WR,1,WAKE,1,10,0,10,10,0,0,0,0,0,0,1
635,50011418,Melquise Stovall,PITT,WR,1,UMASS,1,10,0,10,10,0,0,0,0,1,0,1
635,50045647,Elijah Higgins,STAN,WR,1,KANST,2,10,0,6,5,0,0,0,0,0,0,1
635,50061204,David Atencio,SUTAH,WR,1,ARZST,1,10,0,10,10,0,0,0,0,0,0,1
635,50037672,Heron Maurisseau,UCONN,WR,1,FREST,2,10,0,5,5,0,0,0,0,0,0,1
635,50045656,Tae Tae Crumes,UK,WR,1,LAMON,1,10,0,10,10,0,0,0,0,0,0,1
635,50068442,Michael Fitzgerald,UMASS,WR,1,PITT,1,10,0,10,10,0,0,0,0,1,1,1
635,50015500,Brandon Bowling,UTAHST,WR,1,WASHST,1,10,0,10,10,0,0,0,0,0,0,1
635,50026392,Tre'Von Bradley,UTSA,WR,1,ILL,2,10,0,8,5,0,0,0,0,0,0,1
635,50063762,De'Zhaun Stribling,WASHST,WR,1,UTAHST,2,10,0,5,5,0,0,0,0,0,0,1
656,50056123,Elijah Canion,AUBRN,WR,1,AKRON,1,9,0,9,9,0,0,0,0,0,0,0.9
656,50048416,Javien Cuff,BUF,WR,1,WAG,1,9,0,9,9,0,0,0,0,0,0,0.9
656,50046661,Emil Smith,GAS,WR,1,GARDWB,1,9,0,9,9,0,0,0,0,0,0,0.9
656,50026614,Adonicas Sanders,GTECH,WR,1,NILL,2,9,0,5,4.5,0,0,0,0,0,0,0.9
656,50048158,Jared Smart,HAWAII,WR,1,UCLA,1,9,0,9,9,0,0,0,0,0,0,0.9
656,50037996,KeSean Carter,HOU,WR,1,TXTECH,1,9,0,9,9,0,0,0,0,0,0,0.9
656,50056170,Nathan Culbreath,HOUBAP,WR,1,NMX,1,9,0,9,9,0,0,0,0,0,0,0.9
656,50027155,Camron Buckley,IND,WR,1,IOWA,1,9,0,9,9,0,0,0,0,0,0,0.9
656,50036832,Joe Scates,IOWAST,WR,1,NIOWA,2,9,0,17,4.5,0,0,0,0,1,0,0.9
656,50063461,Jaylin Noel,IOWAST,WR,1,NIOWA,3,9,0,4,3,0,0,0,0,1,0,0.9
656,50051861,Will Derrick,LAMON,WR,1,UK,1,9,0,9,9,0,0,0,0,0,0,0.9
656,50054924,Dontae Fleming,LOULAF,WR,1,TX,2,9,0,5,4.5,0,0,0,0,0,0,0.9
656,50041721,Darryl Jones,MARY,WR,1,WVIR,2,9,0,6,4.5,0,0,0,0,0,0,0.9
656,50039233,Sam Flowers,NCOL,WR,1,COL,1,9,0,9,9,0,0,0,0,0,0,0.9
656,50049000,Logan Wolf,NIOWA,WR,1,IOWAST,1,9,0,9,9,0,0,0,0,0,0,0.9
656,50059027,Elijah Queen,NMX,WR,1,HOUBAP,1,9,0,9,9,0,0,0,0,0,0,0.9
656,50064634,Jacob Gill,NW,WR,1,MST,1,9,0,9,9,0,0,0,0,0,0,0.9
656,50049372,Brandon Sanders,RUTGER,WR,1,TEMPL,1,9,0,9,9,0,0,0,0,0,0,0.9
656,50063488,Quincy Brown,TCU,WR,1,DUQ,1,9,0,9,9,0,0,0,0,0,0,0.9
656,50032537,Jadan Blue,TEMPL,WR,1,RUTGER,1,9,0,9,9,0,0,0,0,0,0,0.9
656,50056375,A.J. Davis IV,UAB,WR,1,JAXST,1,9,0,9,9,0,0,0,0,0,0,0.9
656,50046081,Amari Johnson,UCF,WR,1,BOISE,2,9,0,5,4.5,0,0,0,0,0,0,0.9
656,50060510,Matt Sykes,UCLA,WR,1,HAWAII,1,9,0,9,9,0,0,0,0,0,0,0.9
679,50057495,Darius Lewis,ABCHR,WR,1,SMU,2,8,0,9,4,0,0,0,0,1,1,0.8
679,50048513,Amari Terry,AIRF,WR,1,LAFAY,0,0,0,0,0,2,8,4,0,0,0,0.8
679,50036393,Jehlani Galloway,BOSCOL,WR,1,COLG,2,8,0,9,4,0,0,0,0,0,0,0.8
679,50032583,Michael Young Jr.,CIN,WR,1,MIAOH,1,8,0,8,8,0,0,0,0,0,0,0.8
679,50043912,Nkem Njoku,CITA,WR,1,COAST,0,0,0,0,0,2,8,4,0,0,0,0.8
679,50049391,Rory Boos,COLG,WR,1,BOSCOL,0,0,0,0,0,1,8,8,0,0,0,0.8
679,50022490,Azende Rey,GTECH,WR,1,NILL,1,8,0,8,8,0,0,0,0,0,0,0.8
679,50036314,Peje' Harris,GTECH,WR,1,NILL,2,8,0,4,4,0,0,0,0,0,0,0.8
679,50046345,Torry Locklin,KAN,WR,1,SDAK,0,0,0,0,0,5,8,1.6,0,0,0,0.8
679,50055325,Steven McBride,KAN,WR,1,SDAK,2,8,0,10,4,0,0,0,0,0,0,0.8
679,50055413,Devon Dorsey,MIAOH,WR,1,CIN,1,8,0,8,8,0,0,0,0,0,0,0.8
679,50024048,Levi Falck,NEBR,WR,1,FORDM,1,8,0,8,8,0,0,0,0,0,0,0.8
679,50046472,Justin Lockhart,NEVADA,WR,1,CAH,1,8,0,8,8,0,0,0,0,0,0,0.8
679,50028121,James Bostic,OHIO,WR,1,SYRA,2,8,0,6,4,0,0,0,0,0,0,0.8
679,50048542,Anthony Gould,OREGST,WR,1,PUR,1,8,0,8,8,0,0,0,0,0,0,0.8
679,50057017,Myles Price,TXTECH,WR,1,HOU,0,0,0,0,0,2,8,4,0,0,0,0.8
679,50045982,Kevens Clercius,UCONN,WR,1,FREST,1,8,0,8,8,0,0,0,0,0,0,0.8
679,50001486,Cole Blackman,WM,WR,1,VIR,1,8,0,8,8,0,0,0,0,0,0,0.8
697,50061564,Tony Grimes Jr.,AKRON,WR,1,AUBRN,1,7,0,7,7,0,0,0,0,0,0,0.7
697,50056669,Christian Horn,APPLST,WR,1,ECAR,2,7,0,10,3.5,0,0,0,0,0,0,0.7
697,50056955,Jacob Kraft,BOSCOL,WR,1,COLG,1,7,0,7,7,0,0,0,0,0,0,0.7
697,50042063,Monroe Young,CAH,WR,1,NEVADA,1,7,0,7,7,0,0,0,0,0,0,0.7
697,50037324,Dimitri Stanley,COL,WR,1,NCOL,1,7,0,7,7,0,0,0,0,0,0,0.7
697,50049393,Ryan Cekay,COLG,WR,1,BOSCOL,1,7,0,7,7,0,0,0,0,0,0,0.7
697,50037358,E'Shawn Stewart,EMICH,WR,1,STFPA,1,7,0,7,7,0,0,0,0,0,0,0.7
697,50002038,TJ Chase,FLATL,WR,1,FL,1,7,0,7,7,0,0,0,0,0,0,0.7
697,50054858,Jordan Brown,FREST,WR,1,UCONN,1,7,0,7,7,0,0,0,0,0,0,0.7
697,50048577,Isaiah Montgomery,JAXST,WR,1,UAB,1,7,0,7,7,0,0,0,0,0,0,0.7
697,50055356,Tre Harris,LOUTCH,WR,1,MSPST,2,7,0,7,3.5,0,0,0,0,0,0,0.7
697,50003945,Jonah Morris,NCOL,WR,1,COL,1,7,0,7,7,0,0,0,0,0,0,0.7
697,50046475,Melquan Stovall,NEVADA,WR,1,CAH,1,7,0,7,7,0,0,0,0,0,0,0.7
697,50008510,Jared Wyatt,NMXST,WR,1,UTEP,1,7,0,7,7,0,0,0,0,0,0,0.7
697,50036449,Da'kendall James,NORFST,WR,1,TOLEDO,1,7,0,7,7,0,0,0,0,0,0,0.7
697,50024053,Caleb Vander Esch,SDAK,WR,1,KAN,1,7,0,7,7,0,0,0,0,0,0,0.7
697,50053890,Dawson Snyder,STFPA,WR,1,EMICH,1,7,0,7,7,0,0,0,0,0,0,0.7
697,50026568,Sharod Johnson,SYRA,WR,1,OHIO,1,7,0,7,7,0,0,0,0,0,0,0.7
697,50066479,DeVonte Tanksley,TMRT,WR,1,WKENT,4,7,0,4,1.8,0,0,0,0,0,0,0.7
697,50027661,Chandler Speights,TXST,WR,1,BAYL,3,7,0,11,2.3,0,0,0,0,1,0,0.7
697,50037672,Heron Maurisseau,UCONN,WR,1,HOLY,2,7,0,5,3.5,0,0,0,0,0,0,0.7
697,50057762,Izayah Cummings,UK,WR,1,LAMON,1,7,0,7,7,0,0,0,0,0,0,0.7
697,50049035,Jeremiah Lorick,WAG,WR,1,BUF,1,7,0,7,7,0,0,0,0,0,0,0.7
697,50011765,Donald Stewart,WAKE,WR,1,OLD,1,7,0,7,7,0,0,0,0,0,0,0.7
697,50046489,Alex Brown,WYOM,WR,1,MONST,1,7,0,7,7,0,0,0,0,0,0,0.7
722,50048508,DeAndre Hughes,AIRF,WR,1,LAFAY,0,0,0,0,0,3,6,2,0,0,0,0.6
722,50048893,MJ Wright,FORDM,WR,1,NEBR,1,6,0,6,6,0,0,0,0,0,0,0.6
722,50054488,Arian Smith,GA,WR,1,CLMSN,1,6,0,6,6,0,0,0,0,0,0,0.6
722,50046372,Darren Wilson,IOWAST,WR,1,NIOWA,1,6,0,6,6,0,0,0,0,0,0,0.6
722,50068360,Steven Chambers,LIUB,WR,1,FLINT,1,6,0,6,6,0,0,0,0,0,0,0.6
722,50031431,Zach Tredway,MONM,WR,1,MTNST,4,6,0,5,1.5,0,0,0,0,0,0,0.6
722,50062110,Dymere Miller,MONM,WR,1,MTNST,1,6,0,6,6,0,0,0,0,0,0,0.6
722,50048532,Cameron Gardner,MONST,WR,1,WYOM,0,0,0,0,0,2,6,3,0,0,0,0.6
722,50030093,George McCorley,PORTST,WR,1,HAWAII,1,6,0,6,6,0,0,0,0,0,0,0.6
722,50054689,Omarion Dollison,SFL,WR,1,NCST,1,10,0,10,10,1,-4,-4,0,0,0,0.6
722,50046375,Trey Cleveland,TXTECH,WR,1,HOU,1,6,0,6,6,0,0,0,0,0,0,0.6
722,50068447,Carter Scudo,UMASS,WR,1,PITT,0,0,0,0,0,2,6,3,0,0,0,0.6
722,50017680,Walter Dawn Jr.,UTEP,WR,1,NMXST,1,6,0,6,6,0,0,0,0,0,0,0.6
722,50061276,Michael Jones,WAG,WR,1,BUF,0,0,0,0,0,5,6,1.2,0,0,0,0.6
736,50060390,Jacob Delso,EMICH,WR,1,STFPA,1,5,0,5,5,0,0,0,0,0,0,0.5
736,50038347,Cornelius McCoy,GAST,WR,1,ARMY,1,5,0,5,5,0,0,0,0,0,0,0.5
736,50046562,Jaylen Erwin,HOU,WR,1,TXTECH,1,5,0,5,5,0,0,0,0,0,0,0.5
736,50039147,Jahquan Bloomfield,LAMON,WR,1,UK,1,5,0,5,5,0,0,0,0,0,0,0.5
736,50068396,Davon Wells,LIUB,WR,1,FLINT,0,0,0,0,0,3,5,1.7,0,0,0,0.5
736,50006273,Dylan Thomas,NCOL,WR,1,COL,3,2,0,1,0.7,1,3,3,0,0,0,0.5
736,50054968,Gunnar Henderson,TCU,WR,1,DUQ,1,5,0,5,5,0,0,0,0,0,0,0.5
736,50034467,Grant Frerking,TENN,WR,1,BOWLGR,1,5,0,5,5,0,0,0,0,0,0,0.5
736,50025969,Cameron Hairston,UCONN,WR,1,FREST,2,5,0,6,2.5,0,0,0,0,0,0,0.5
736,50045986,Jahkai Gill,UCONN,WR,1,FREST,1,5,0,5,5,0,0,0,0,0,0,0.5
746,50030455,Keith Pearson Jr.,CHARLT,WR,1,DUKE,0,0,0,0,0,1,4,4,0,0,0,0.4
746,50046032,Tre Tucker,CIN,WR,1,MIAOH,2,4,0,6,2,0,0,0,0,0,0,0.4
746,50045542,Frank Ladson Jr.,CLMSN,WR,1,GA,1,4,0,4,4,0,0,0,0,0,0,0.4
746,50039992,Garrett Oakey,COLG,WR,1,BOSCOL,0,0,0,0,0,1,4,4,0,0,0,0.4
746,50064840,Artez Hooker,FLINT,WR,1,LIUB,1,4,0,4,4,0,0,0,0,0,0,0.4
746,50062106,Alex Bryant,MONM,WR,1,MTNST,1,4,0,4,4,0,0,0,0,0,0,0.4
746,50064814,Elijah Metcalf,MTNST,WR,1,MONM,1,4,0,4,4,0,0,0,0,0,0,0.4
746,50046614,Mark Walker,NAVY,WR,1,MARSH,1,4,0,4,4,0,0,0,0,0,0,0.4
746,50018790,Arron McKenney,NICHLS,WR,1,MPHS,1,4,0,4,4,0,0,0,0,0,0,0.4
746,50038590,Javen Banks,TXST,WR,1,BAYL,1,4,0,4,4,0,0,0,0,0,0,0.4
746,50033172,Dalton Rigdon,TXTECH,WR,1,HOU,1,4,0,4,4,0,0,0,0,0,0,0.4
746,50037716,Rahsaan Lewis,UK,WR,1,LAMON,1,4,0,4,4,0,0,0,0,0,0,0.4
746,50045664,DeMarcus Harris,UK,WR,1,LAMON,1,4,0,4,4,0,0,0,0,0,0,0.4
759,50027301,Malik Williams,APPLST,WR,1,ECAR,2,3,0,3,1.5,0,0,0,0,0,0,0.3
759,50013460,Tobias Enlow,CARK,WR,1,ARKST,1,3,0,3,3,0,0,0,0,0,0,0.3
759,50017618,Wykeen Gill,DUQ,WR,1,TCU,0,0,0,0,0,3,3,1,0,0,0,0.3
759,50032217,Randall St. Felix,FLINT,WR,1,LIUB,1,3,0,3,3,0,0,0,0,0,0,0.3
759,50060727,Devontez Walker,KENTST,WR,1,TXAM,1,3,0,3,3,0,0,0,0,0,0,0.3
759,50054693,Michael Redding III,MIA,WR,1,ALA,1,3,0,3,3,0,0,0,0,0,0,0.3
759,50062059,Zain Zinicola,NCOL,WR,1,COL,1,7,0,7,7,1,-4,-4,0,0,0,0.3
759,50026364,Thayer Thomas,NCST,WR,1,SFL,1,3,0,3,3,0,0,0,0,0,0,0.3
759,50062605,Dylan Goffney,SMU,WR,1,ABCHR,1,3,0,3,3,0,0,0,0,0,0,0.3
759,50046635,Chandler Whitfield,SOUTH,WR,1,TROY,0,0,0,0,0,1,3,3,0,0,0,0.3
759,50031273,Rashid Shaheed,WEBST,WR,1,UTAH,1,8,0,8,8,1,-5,-5,0,0,0,0.3
770,50032478,Charlie Jones,IOWA,WR,1,IND,1,2,0,2,2,0,0,0,0,0,0,0.2
770,50064825,Isiah Paige,OLD,WR,1,WAKE,1,2,0,2,2,0,0,0,0,0,0,0.2
770,50043702,Wesley Eliodor,SDAK,WR,1,KAN,1,2,0,2,2,0,0,0,0,0,0,0.2
770,50028182,Jaylen Dixon,UTAH,WR,1,WEBST,1,1,0,1,1,1,1,1,0,0,0,0.2
774,50068213,Reagan Ealy,ARKST,WR,1,CARK,1,1,0,1,1,0,0,0,0,0,0,0.1
774,50057662,Tyler Roberts,COAST,WR,1,CITA,1,1,0,1,1,0,0,0,0,0,0,0.1
774,50026511,Damond Philyaw-Johnson,JAXST,WR,1,UAB,1,1,0,1,1,0,0,0,0,0,0,0.1
774,50049411,Jordan Hull,LAFAY,WR,1,AIRF,1,1,0,1,1,0,0,0,0,1,0,0.1
774,50048199,Dariyan Wiley,LAMON,WR,1,UK,1,1,0,1,1,0,0,0,0,0,0,0.1
774,50056438,Antoine Robinson,SOUMIS,WR,1,SALA,1,1,0,1,1,0,0,0,0,0,0,0.1
780,50036019,Jordan Brooks-Wess,ABCHR,WR,1,SMU,0,0,0,0,0,0,0,0,0,0,0,0
780,50046426,Shawn Naim,AKRON,WR,1,AUBRN,0,0,0,0,0,0,0,0,0,0,0,0
780,50067898,Jacoby Boykins,ALA,WR,1,MIA,0,0,0,0,0,0,0,0,0,0,0,0
780,50059188,Malcolm Johnson Jr.,AUBRN,WR,1,AKRON,0,0,0,0,0,0,0,0,0,0,0,0
780,50067302,Monaray Baldwin,BAYL,WR,1,TXST,0,0,0,0,0,1,0,0,0,0,0,0
780,50048941,Daveno Ellington,BCOOK,WR,1,UTEP,0,0,0,0,0,0,0,0,0,0,0,0
780,50030070,Davis Koetter,BOISE,WR,1,UCF,0,0,0,0,0,0,0,0,0,0,0,0
780,50029983,Ryan McCarthy,CITA,WR,1,COAST,0,0,0,0,0,0,0,0,0,0,0,0
780,50029984,Keyonte Sessions,CITA,WR,1,COAST,0,0,0,0,0,2,0,0,0,0,0,0
780,50049220,Cooper Wallace,CITA,WR,1,COAST,0,0,0,0,0,1,0,0,0,0,0,0
780,50054704,E.J. Williams,CLMSN,WR,1,GA,1,0,0,0,0,0,0,0,0,0,0,0
780,50046242,Aaron Bedgood,COAST,WR,1,CITA,0,0,0,0,0,0,0,0,0,0,0,0
780,50055496,Brenden Rice,COL,WR,1,NCOL,0,0,0,0,0,0,0,0,0,0,0,0
780,50058635,Jake Spencer,COLG,WR,1,BOSCOL,0,0,0,0,0,0,0,0,0,0,0,0
780,50037137,Thomas Pannunzio,COLST,WR,1,SDKST,0,0,0,0,0,0,0,0,0,0,0,0
780,50067550,Gerick Robinson,COLST,WR,1,SDKST,0,0,0,0,0,0,0,0,0,0,0,0
780,50055213,Jontavis Robertson,DUKE,WR,1,CHARLT,1,0,0,0,0,0,0,0,0,0,0,0
780,50059333,Joey Isabella,DUQ,WR,1,TCU,0,0,0,0,0,0,0,0,0,1,1,0
780,50066465,Henry Woods Jr.,EILL,WR,1,SC,0,0,0,0,0,0,0,0,0,0,0,0
780,50058759,Xzavier Henderson,FL,WR,1,FLATL,0,0,0,0,0,0,0,0,0,0,0,0
780,50054859,Mac Dalena,FREST,WR,1,UCONN,0,0,0,0,0,0,0,0,0,0,0,0
780,50038307,Kearis Jackson,GA,WR,1,CLMSN,0,0,0,0,0,0,0,0,0,0,0,0
780,50054485,Justin Robinson,GA,WR,1,CLMSN,0,0,0,0,0,0,0,0,0,0,0,0
780,50060907,Darius Hough,GARDWB,WR,1,GAS,0,0,0,0,0,0,0,0,0,0,0,0
780,50037535,NaJee Thompson,GAS,WR,1,GARDWB,0,0,0,0,0,0,0,0,0,0,0,0
780,50054941,Robert Lewis,GAST,WR,1,ARMY,0,0,0,0,0,0,0,0,0,0,0,0
780,50049402,Jared Kreimer,HOLY,WR,1,UCONN,0,0,0,0,0,0,0,0,0,0,0,0
780,50066906,Justin Shorter,HOLY,WR,1,UCONN,0,0,0,0,0,0,0,0,0,0,0,0
780,50046370,Darien Porter,IOWAST,WR,1,NIOWA,0,0,0,0,0,0,0,0,0,0,0,0
780,50030677,Quan Charleston,JAXST,WR,1,UAB,0,0,0,0,0,0,0,0,0,0,0,0
780,50049469,Jeremiah Webb,KAN,WR,1,SDAK,0,0,0,0,0,0,0,0,0,0,0,0
780,50055320,Luke Grimm,KAN,WR,1,SDAK,0,0,0,0,0,0,0,0,0,0,0,0
780,50046435,Ja'Shaun Poke,KENTST,WR,1,TXAM,0,0,0,0,0,0,0,0,0,0,0,0
780,50056641,Jordan Carroll,LAMON,WR,1,UK,0,0,0,0,0,0,0,0,0,0,0,0
780,50048211,Treon Sibley,LIBRTY,WR,1,CAMP,0,0,0,0,0,0,0,0,0,0,0,0
780,50068673,Rudy Silvera,LIUB,WR,1,FLINT,0,0,0,0,0,0,0,0,0,0,0,0
780,50006778,Willie Johnson,MARSH,WR,1,NAVY,0,0,0,0,0,0,0,0,0,0,0,0
780,50048667,Ryan Simpson,MONT,WR,1,WASH,0,0,0,0,0,0,0,0,0,0,0,0
780,50036608,Brody Belt,NEBR,WR,1,FORDM,0,0,0,0,0,0,0,0,0,1,0,0
780,50054758,Zavier Betts,NEBR,WR,1,ILL,0,0,0,0,0,0,0,0,0,0,0,0
780,50054409,Jamaal Bell,NEVADA,WR,1,CAH,0,0,0,0,0,0,0,0,0,0,0,0
780,50041537,David Robinson Jr.,NICHLS,WR,1,MPHS,0,0,0,0,0,0,0,0,0,0,0,0
780,50055427,Billy Dozier,NILL,WR,1,GTECH,0,0,0,0,0,0,0,0,0,0,0,0
780,50064912,Tyler Brueckner,NILL,WR,1,GTECH,0,0,0,0,0,0,0,0,0,0,0,0
780,50042559,Andrew Erickson,NMX,WR,1,HOUBAP,2,-1,0,4,-0.5,1,1,1,0,1,1,0
780,50059028,Jace Taylor,NMX,WR,1,HOUBAP,0,0,0,0,0,0,0,0,0,0,0,0
780,50068494,Benji Johnson,NMX,WR,1,HOUBAP,0,0,0,0,0,0,0,0,0,0,0,0
780,50027711,Tevis Abraham Jr.,NMXST,WR,1,SDST,0,0,0,0,0,0,0,0,0,0,0,0
780,50046685,Robert Downs III,NMXST,WR,1,UTEP,0,0,0,0,0,0,0,0,0,0,0,0
780,50052962,Chris Butler,NORFST,WR,1,TOLEDO,0,0,0,0,0,0,0,0,0,0,0,0
780,50036957,Jyaire Shorter,NTX,WR,1,NWST,0,0,0,0,0,0,0,0,0,0,0,0
780,50038056,Bryson Jackson,NTX,WR,1,NWST,0,0,0,0,0,0,0,0,0,0,0,0
780,50044386,David Chapple,NTX,WR,1,NWST,0,0,0,0,0,0,0,0,0,0,0,0
780,50061007,Phillip Cole,OHIO,WR,1,SYRA,0,0,0,0,0,0,0,0,0,0,0,0
780,50063696,Troy Franklin,ORE,WR,1,FREST,0,0,0,0,0,0,0,0,0,0,0,0
780,50006184,Landon Wolf,SDKST,WR,1,COLST,0,0,0,0,0,0,0,0,0,0,0,0
780,50027907,Taariq Johnson,SJST,WR,1,SUTAH,1,0,0,0,0,0,0,0,0,0,0,0
780,50045904,Beau Barker,SMU,WR,1,ABCHR,0,0,0,0,0,0,0,0,0,0,0,0
780,50048371,Antavious Willis,SOUMIS,WR,1,SALA,0,0,0,0,0,0,0,0,0,0,0,0
780,50054931,Errol Rogers Jr.,SOUMIS,WR,1,SALA,0,0,0,0,0,0,0,0,0,0,0,0
780,50049320,Phillip Thomas,SOUTH,WR,1,TROY,0,0,0,0,0,0,0,0,0,0,0,0
780,50020813,Josh McGrigg,STFPA,WR,1,EMICH,0,0,0,0,0,0,0,0,0,0,0,0
780,50048735,Brennon Hutchings,SUTAH,WR,1,ARZST,0,0,0,0,0,0,0,0,0,0,0,0
780,50048735,Brennon Hutchings,SUTAH,WR,1,SJST,0,0,0,0,0,0,0,0,0,0,0,0
780,50065533,Jason Thomas,SUTAH,WR,1,ARZST,0,0,0,0,0,0,0,0,0,0,0,0
780,50065533,Jason Thomas,SUTAH,WR,1,SJST,0,0,0,0,0,0,0,0,0,0,0,0
780,50046186,Courtney Jackson,SYRA,WR,1,OHIO,0,0,0,0,0,1,0,0,0,0,0,0
780,50057653,Trebor Pena,SYRA,WR,1,OHIO,0,0,0,0,0,0,0,0,0,0,0,0
780,50067323,Sam Banks,TCU,WR,1,DUQ,0,0,0,0,0,0,0,0,0,0,0,0
780,50036068,Jordan Smith,TEMPL,WR,1,RUTGER,0,0,0,0,0,0,0,0,0,0,0,0
780,50045959,De'Von Fox,TEMPL,WR,1,RUTGER,0,0,0,0,0,0,0,0,0,1,1,0
780,50010894,Velus Jones Jr.,TENN,WR,1,BOWLGR,0,0,0,0,0,0,0,0,0,0,0,0
780,50059668,Zoe Roberts,TMRT,WR,1,WKENT,0,0,0,0,0,0,0,0,0,0,0,0
780,50038232,Jalynn Williams,TOLEDO,WR,1,NORFST,0,0,0,0,0,0,0,0,0,0,0,0
780,50046106,Jha'Quan Jackson,TULANE,WR,1,OKL,0,0,0,0,0,0,0,0,0,0,0,0
780,50016742,Malachi Jones,TULSA,WR,1,UCDV,0,0,0,0,0,0,0,0,0,0,0,0
780,50042097,Jalen Preston,TXAM,WR,1,KENTST,0,0,0,0,0,0,0,0,0,0,0,0
780,50048810,Casey Granfors,UCDV,WR,1,TULSA,0,0,0,0,0,0,0,0,0,0,0,0
780,50060506,Logan Loya,UCLA,WR,1,HAWAII,0,0,0,0,0,0,0,0,0,0,0,0
780,50045986,Jahkai Gill,UCONN,WR,1,HOLY,0,0,0,0,0,0,0,0,0,0,0,0
780,50068446,Jamir Roberts,UMASS,WR,1,PITT,0,0,0,0,0,0,0,0,0,0,0,0
780,50042963,Tyleek Collins,UNLV,WR,1,EWASH,0,0,0,0,0,0,0,0,0,0,0,0
780,50028235,K.D. Nixon,USC,WR,1,SJST,0,0,0,0,0,0,0,0,0,0,0,0
780,50048535,Kyrese Rowan,UTAH,WR,1,WEBST,0,0,0,0,0,0,0,0,0,0,0,0
780,50059051,Connor O'Toole,UTAH,WR,1,WEBST,0,0,0,0,0,0,0,0,0,0,0,0
780,50017950,Jordan Nathan,UTAHST,WR,1,WASHST,0,0,0,0,0,0,0,0,0,0,0,0
780,50033333,Savon Scarver,UTAHST,WR,1,WASHST,0,0,0,0,0,0,0,0,0,0,0,0
780,50038758,Sheldon Jones,UTSA,WR,1,ILL,0,0,0,0,0,0,0,0,0,0,0,0
780,50017331,Joe Schmidt,WAG,WR,1,BUF,0,0,0,0,0,0,0,0,0,0,0,0
780,50040289,Eric Castorina,WAG,WR,1,BUF,0,0,0,0,0,0,0,0,0,0,0,0
780,50048152,Lincoln Victor,WASHST,WR,1,UTAHST,0,0,0,0,0,0,0,0,0,0,0,0
780,50004250,Jack Dunn,WISC,WR,1,PENNST,0,0,0,0,0,0,0,0,0,0,0,0
780,50056181,Josh Sterns,WKENT,WR,1,TMRT,1,0,0,0,0,0,0,0,0,0,0,0
873,50042241,Josh Fleeks,BAYL,WR,1,TXST,1,-1,0,0,-1,0,0,0,0,0,0,-0.1
874,50023046,Robbie Lofton,EILL,WR,1,SC,1,-2,0,0,-2,0,0,0,0,0,0,-0.2
874,50026064,Ontaria Wilson Jr.,FLST,WR,1,ND,1,-2,0,-2,-2,0,0,0,0,0,0,-0.2
874,50007082,Jake Herslow,HOU,WR,1,TXTECH,1,-2,0,-2,-2,0,0,0,0,0,0,-0.2
874,50069650,Harleeontai Reed,LIUB,WR,1,FLINT,1,-2,0,0,-2,0,0,0,0,0,0,-0.2
874,50065189,Zarak Scruggs Jr.,NMX,WR,1,HOUBAP,1,-2,0,-2,-2,0,0,0,0,0,0,-0.2
874,50067479,Miles Cross,OHIO,WR,1,SYRA,1,-2,0,-2,-2,0,0,0,0,0,0,-0.2
874,50028806,Cameron Montgomery,RICE,WR,1,ARK,0,0,0,0,0,1,-2,-2,0,0,0,-0.2
881,50004046,Jared Sparks,LAMON,WR,1,UK,2,-3,0,1,-1.5,0,0,0,0,0,0,-0.3
881,50048238,Mike Sainristil,MICH,WR,1,WMICH,1,-3,0,-3,-3,0,0,0,0,0,0,-0.3
881,50057732,Trevon West,OKL,WR,1,TULANE,1,-3,0,-3,-3,0,0,0,0,0,0,-0.3
881,50034159,Brandon Hinton,SOUTH,WR,1,TROY,1,-3,0,0,-3,0,0,0,0,0,0,-0.3
885,50065576,RJ Jackson,CAMP,WR,1,LIBRTY,1,-4,0,0,-4,0,0,0,0,0,0,-0.4
885,50040584,Ahmad Edwards,JAXST,WR,1,UAB,1,-4,0,0,-4,0,0,0,0,0,0,-0.4
885,50041717,Brian Cobbs,MARY,WR,1,WVIR,0,0,0,0,0,1,-4,-4,0,0,0,-0.4
888,50013486,Latrell Williams,SFL,WR,1,NCST,2,-5,0,1,-2.5,0,0,0,0,0,0,-0.5
888,50068422,Jimmy Horn Jr.,SFL,WR,1,NCST,0,0,0,0,0,1,-5,-5,0,0,0,-0.5
888,50049932,Kendall Abdur-Rahman,WKENT,WR,1,TMRT,1,-5,0,-5,-5,0,0,0,0,0,0,-0.5
